"City","Country"
"Oakland","United States"
"Oakville","Canada"
"Oaxaca de Juárez","Mexico"
"Oberhausen","Germany"
"Obihiro","Japan"
"Obninsk","Russia"
"Oceanside","United States"
"Odawara","Japan"
"Odense","Denmark"
"Odessa","Ukraine"
"Odintsovo","Russia"
"Offenbach am Main","Germany"
"Ōgaki","Japan"
"Ogbomosho","Nigeria"
"Ōita","Japan"
"Okara","Pakistan"
"Okayama","Japan"
"Okazaki","Japan"
"Okene","Nigeria"
"Okinawa","Japan"
"Oklahoma City","United States"
"Oktyabrsky","Russia"
"Oldenburg","Germany"
"Oldham","United Kingdom"
"Olinda","Brazil"
"Olmaliq","Uzbekistan"
"Olomouc","Czech Republic"
"Olongapo","Philippines"
"Olsztyn","Poland"
"Omaha","United States"
"Omdurman","Sudan"
"Omsk","Russia"
"Ōmuta","Japan"
"Ongole","India"
"Onitsha","Nigeria"
"Ontario","United States"
"Opole","Poland"
"Or Yehuda","Israel"
"Oradea","Romania"
"Oral","Kazakhstan"
"Oran","Algeria"
"Orange","United States"
"Ordos City","China"
"Ordu","Turkey"
"Örebro","Sweden"
"Orekhovo-Zuyevo","Russia"
"Orenburg","Russia"
"Orizaba","Mexico"
"Orlando","United States"
"Orléans","France"
"Ormoc","Philippines"
"Orsha","Belarus"
"Orsk","Russia"
"Oruro","Bolivia"
"Oryol","Russia"
"Osaka","Japan"
"Osasco","Brazil"
"Osh","Kyrgyzstan"
"Oshawa","Canada"
"Oshogbo","Nigeria"
"Osijek","Croatia"
"Oslo","Norway"
"Osmaniye","Turkey"
"Osnabrück","Germany"
"Osorno","Chile"
"Ostrava","Czech Republic"
"Ōta","Japan"
"Otaru","Japan"
"Ōtsu","Japan"
"Ottawa","Canada"
"Ouagadougou","Burkina Faso"
"Ouargla","Algeria"
"Oujda","Morocco"
"Oulu","Finland"
"Ourense","Spain"
"Overland","United States"
"Oviedo","Spain"
"Oxford","United Kingdom"
"Oxnard","United States"
"Oyama","Japan"
"Oyo","Nigeria"
"Ozamiz","Philippines"
"City","Country"
"Qā’em Shahr","Iran"
"Qamishli","Syria"
"Qarchak","Iran"
"Qazvin","Iran"
"Qianjiang","China"
"Qidong","China"
"Qingdao","China"
"Qingtongxia","China"
"Qingyang","China"
"Qingyuan","China"
"Qingzhou","China"
"Qinhuangdao","China"
"Qinyang","China"
"Qinzhou","China"
"Qiqihaer","China"
"Qitaihe","China"
"Qom","Iran"
"Quanzhou","China"
"Quebec City","Canada"
"Queimados","Brazil"
"Querétaro","Mexico"
"Quetta","Pakistan"
"Quevedo","Ecuador"
"Quezon City","Philippines"
"Qufu","China"
"Qui Nhon","Vietnam"
"Quilmes","Argentina"
"Quilpué","Chile"
"Quito","Ecuador"
"Qujing","China"
"Quzhou","China"
"City","Country"
"Ma'anshan","China"
"Maastricht","Netherlands"
"Maasin","Philippines"
"Mabalacat","Philippines"
"Macaé","Brazil"
"Macapá","Brazil"
"Macau","Macau"
"Maceió","Brazil"
"Machakos","Kenya"
"Machala","Ecuador"
"Macheng","China"
"Machida","Japan"
"Machilipatnam","India"
"Madison","United States"
"Madiun","Indonesia"
"Madrid","Spain"
"Madurai","India"
"Maebashi","Japan"
"Magadan","Russia"
"Magangué","Colombia"
"Magdeburg","Germany"
"Magé","Brazil"
"Magelang","Indonesia"
"Magnitogorsk","Russia"
"Mahabad","Iran"
"Mahbubnagar","India"
"Maicao","Colombia"
"Maidstone","United Kingdom"
"Maiduguri","Nigeria"
"Mainz","Germany"
"Makati","Philippines"
"Makhachkala","Russia"
"Makiivka","Ukraine"
"Malabo","Equatorial Guinea"
"Málaga","Spain"
"Malang","Indonesia"
"Malappuram","India"
"Mehsana","India"
"Malasiqui, Pangasinan","Philippines"
"Malatya","Turkey"
"Malaybalay City","Philippines"
"Malayer","Iran"
"Malegaon","India"
"Malita, Davao del Sur","Philippines"
"Malmö","Sweden"
"Malolos City","Philippines"
"Manado","Indonesia"
"Managua","Nicaragua"
"Manama","Bahrain"
"Manaus","Brazil"
"Manavgat","Turkey"
"Manchester, New Hampshire","United States"
"Manchester","United Kingdom"
"Mandalay","Myanmar"
"Mandaluyong City","Philippines"
"Mandaue City","Philippines"
"Mandya","India"
"Mangalore","India"
"Mangaung","South Africa"
"Mangora","Pakistan"
"Manila","Philippines"
"Manisa","Turkey"
"Manizales","Colombia"
"Mannheim","Germany"
"Manta","Ecuador"
"Manzhouli","China"
"Maoming","China"
"Maputo","Mozambique"
"Mar del Plata","Argentina"
"Maraba","Brazil"
"Maracaibo","Venezuela"
"Maracanau","Brazil"
"Maracay","Venezuela"
"Maradi","Niger"
"Maraqeh","Iran"
"Marawi City","Philippines"
"Mardan","Pakistan"
"Margilan","Uzbekistan"
"Maribor","Slovenia"
"Marilao, Bulacan","Philippines"
"Marília","Brazil"
"Maringá","Brazil"
"Mariupol","Ukraine"
"Mariveles, Bataan","Philippines"
"Markham","Canada"
"Marrakech","Morocco"
"Marseille","France"
"Marvdasht","Iran"
"Masan","South Korea"
"Masaya","Nicaragua"
"Maseru","Lesotho"
"Mashhad","Iran"
"Masjed Soleyman","Iran"
"Matadi","Democratic Republic of the Congo"
"Matamoros, Tamaulipas","Mexico"
"Matanzas","Cuba"
"Mataró","Spain"
"Mathura","India"
"Mati, Davao Oriental","Philippines"
"Matsubara","Japan"
"Matsudo","Japan"
"Matsue","Japan"
"Matsumoto","Japan"
"Matsusaka","Japan"
"Matsuyama","Japan"
"Maturín","Venezuela"
"Mauá","Brazil"
"Maunath Bhanjan","India"
"Mawlamyaing (Moulmein)","Myanmar"
"Mayagüez","Puerto Rico"
"Maykop","Russia"
"Mazari Sharif","Afghanistan"
"Mazatlán","Mexico"
"Mazyr","Belarus"
"Mbabane","Swaziland"
"Mbandaka","Democratic Republic of the Congo"
"Mbeya","Tanzania"
"Mbour","Senegal"
"Mbuji-Mayi","Democratic Republic of the Congo"
"McAllen, Texas","United States"
"Mecca","Saudi Arabia"
"Medan","Indonesia"
"Medea","Algeria"
"Medellín","Colombia"
"Medina","Saudi Arabia"
"Medinipur","India"
"Meerut","India"
"Meihekou","China"
"Meizhou","China"
"Mejicanos","El Salvador"
"Mekele","Ethiopia"
"Meknes","Morocco"
"Melbourne","Australia"
"Melitopol","Ukraine"
"Memphis, Tennessee","United States"
"Mendoza","Argentina"
"Merca","Somalia"
"Mérida","Venezuela"
"Mérida","Mexico"
"Mersin","Turkey"
"Mesa, Arizona","United States"
"Mesquite, Texas","United States"
"Messad","Algeria"
"Messina","Italy"
"Metepec","Mexico"
"Metz","France"
"Mexicali","Mexico"
"Mexico City","Mexico"
"Mexico, Pampanga","Philippines"
"Meycauayan City","Philippines"
"Mezhdurechensk","Russia"
"Miami, Florida","United States"
"Miami Gardens, Florida","United States"
"Mianyang","China"
"Miass","Russia"
"Michurinsk","Russia"
"Middlesbrough","United Kingdom"
"Midsayap, Cotabato","Philippines"
"Milagro","Ecuador"
"Milan","Italy"
"Milton Keynes","United Kingdom"
"Miluo","China"
"Milwaukee, Wisconsin","United States"
"Minatitlán","Mexico"
"Minglanilla, Cebu","Philippines"
"Minneapolis, Minnesota","United States"
"Minoh","Japan"
"Minsk","Belarus"
"Mirpur Khas","Pakistan"
"Mirzapur-cum-Vindhyachal","India"
"Misato","Japan"
"Mishan","China"
"Mishima","Japan"
"Miskolc","Hungary"
"Mississauga","Canada"
"Misrata","Libya"
"Mitaka","Japan"
"Mito","Japan"
"Miyakonojo","Japan"
"Miyazaki","Japan"
"Mobile, Alabama","United States"
"Modena","Italy"
"Modesto, California","United States"
"Modinagar","India"
"Moers","Germany"
"Moga","India"
"Mogadishu","Somalia"
"Mogilev (Mahilyow)","Belarus"
"Mogpo","South Korea"
"Mogi das Cruzes","Brazil"
"Mogi Guaçu","Brazil"
"Mombasa","Kenya"
"Monclova","Mexico"
"Moncton","Canada"
"Monrovia","Liberia"
"Montería","Colombia"
"Monterrey","Mexico"
"Montes Claros","Brazil"
"Montevideo","Uruguay"
"Montgomery, Alabama","United States"
"Montpellier","France"
"Montreal","Canada"
"Montreuil","France"
"Monywa","Myanmar"
"Monza","Italy"
"Moradabad","India"
"Moratuwa","Sri Lanka"
"Morelia","Mexico"
"Morena","India"
"Moreno Valley, California","United States"
"Moriguchi","Japan"
"Morioka","Japan"
"Morogoro","Tanzania"
"Morvi","India"
"Moscow","Russia"
"Mossoró","Brazil"
"Mostaganem","Algeria"
"Mostar","Bosnia and Herzegovina"
"Móstoles","Spain"
"Mosul","Iraq"
"Mönchengladbach","Germany"
"M'Sila","Algeria"
"Mudanjiang","China"
"Mufulira","Zambia"
"Mulhouse","France"
"Multan","Pakistan"
"Mumbai","India"
"Munger","India"
"Munich","Germany"
"Muntinlupa City","Philippines"
"Murcia","Spain"
"Murfreesboro, Tennessee","United States"
"Muridke","Pakistan"
"Murmansk","Russia"
"Murom","Russia"
"Muroran","Japan"
"Murwara","India"
"Musashino","Japan"
"Muscat","Oman"
"Mushin","Nigeria"
"Mutare","Zimbabwe"
"Muzaffargharh","Pakistan"
"Muzaffarnagar","India"
"Muzaffarpur","India"
"Mülheim an der Ruhr","Germany"
"Münster","Germany"
"Mwanza","Tanzania"
"Mykolaiv","Ukraine"
"Mymensingh","Bangladesh"
"Mysore","India"
"Mytho","Vietnam"
"Mytishchi","Russia"
"City","Country"
"Rabat","Morocco"
"Rạch Giá","Vietnam"
"Radom","Poland"
"Raebareli","India"
"Rahim Yar Khan","Pakistan"
"Raichur","India"
"Raiganj","India"
"Raipur","India"
"Rajahmundry","India"
"Rajapalayam","India"
"Rajkot","India"
"Rajnandgaon","India"
"Rajshahi","Bangladesh"
"Raleigh","United States"
"Ramadi","Iraq"
"Ramagundam","India"
"Ramat Gan","Israel"
"Râmnicu Vâlcea","Romania"
"Rampur","India"
"Ranaghat","India"
"Rancagua","Chile"
"Ranchi","India"
"Rancho Cucamonga","United States"
"Rangpur","Bangladesh"
"Raniganj","India"
"Rasht","Iran"
"Ratlam","India"
"Rourkela","India"
"Ravenna","Italy"
"Rawalpindi","Pakistan"
"Rayong","Thailand"
"Reading","United Kingdom"
"Recife","Brazil"
"Recklinghausen","Germany"
"Regensburg","Germany"
"Reggio Calabria","Italy"
"Regina","Canada"
"Rehovot","Israel"
"Reims","France"
"Relizane","Algeria"
"Remscheid","Germany"
"Rennes","France"
"Reno","United States"
"Renqiu","China"
"Resende","Brazil"
"Resistencia","Argentina"
"Reutlingen","Germany"
"Rewa","India"
"Reykjavík","Iceland"
"Reynosa","Mexico"
"Ribeirão das Neves","Brazil"
"Ribeirão Pires","Brazil"
"Ribeirão Preto","Brazil"
"Richmond Hill","Canada"
"Richmond","Canada"
"Richmond","United States"
"Riga","Latvia"
"Rijeka","Croatia"
"Rimini","Italy"
"Rio Branco","Brazil"
"Rio Claro","Brazil"
"Rio Cuarto","Argentina"
"Rio de Janeiro","Brazil"
"Rio Grande","Brazil"
"Rio Verde","Brazil"
"Riobamba","Ecuador"
"Rishon LeZion","Israel"
"Riverside","United States"
"Rivne","Ukraine"
"Riyadh","Saudi Arabia"
"Rizhao","China"
"Rochester, Minnesota","United States"
"Rochester, New York","United States"
"Rockford","United States"
"Rodriguez","Philippines"
"Rohtak","India"
"Rome","Italy"
"Rondonópolis","Brazil"
"Rongcheng","China"
"Roodepoort","South Africa"
"Rosario","Argentina"
"Rostock","Germany"
"Rostov-on-Don","Russia"
"Rotherham","United Kingdom"
"Rotterdam","Netherlands"
"Rouen","France"
"Ruse","Bulgaria"
"Roxas","Philippines"
"Rubtsovsk","Russia"
"Ruda Śląska","Poland"
"Rudny","Kazakhstan"
"Rui'an","China"
"Ruichang","China"
"Russeifa","Jordan"
"Rustavi","Georgia"
"Ruzhou","China"
"Ryazan","Russia"
"Rybinsk","Russia"
"Rybnik","Poland"
"Rzeszów","Poland"
"City","Country"
"Saanich","Canada"
"Saarbrücken","Germany"
"Sabadell","Spain"
"Sabára","Brazil"
"Sabzewar","Iran"
"Sacramento, California","United States"
"Sadiqabad","Pakistan"
"Safi","Morocco"
"Saga","Japan"
"Sagamihara","Japan"
"Sagar","India"
"Sagay City","Philippines"
"Saguenay","Canada"
"Saharanpur","India"
"Sahiwal","Pakistan"
"Saida","Algeria"
"Saidpur","Bangladesh"
"Saint Petersburg","Russia"
"Saint-Denis","Réunion"
"Saint-Étienne","France"
"Saint John","Canada"
"Saint Louis","Senegal"
"Saint-Paul","Réunion"
"Saitama","Japan"
"Sakai, Osaka","Japan"
"Sakata","Japan"
"Sakura, Chiba","Japan"
"Salamanca","Mexico"
"Salamanca","Spain"
"Salavat","Russia"
"Salé","Morocco"
"Salem, Oregon","United States"
"Salem","India"
"Salerno","Italy"
"Salihorsk","Belarus"
"Salinas, California","United States"
"Salt Lake City, Utah","United States"
"Salta","Argentina"
"Saltillo","Mexico"
"Salvador","Brazil"
"Salzburg","Austria"
"Salzgitter","Germany"
"Samara","Russia"
"Samarinda","Indonesia"
"Samarkand","Uzbekistan"
"Sambalpur","India"
"Sambhal","India"
"Samsun","Turkey"
"San Antonio, Texas","United States"
"San Bernardino, California","United States"
"San Bernardo","Chile"
"San Buenaventura, California","United States"
"San Carlos City, Negros Occidental","Philippines"
"San Carlos City, Pangasinan","Philippines"
"San Cristóbal","Dominican Republic"
"San Cristóbal de Las Casas","Mexico"
"San Diego, California","United States"
"San Fernando City, La Union","Philippines"
"San Fernando City, Pampanga","Philippines"
"San Fernando del Valle de Catamarca","Argentina"
"San Francisco, California","United States"
"San José","Costa Rica"
"San Jose City, Nueva Ecija","Philippines"
"San Jose del Monte City","Philippines"
"San Jose, California","United States"
"San Jose, Occidental Mindoro","Philippines"
"San Juan, Argentina","Argentina"
"San Juan, Puerto Rico","Puerto Rico"
"San Juan City, Metro Manila","Philippines"
"San Lorenzo","Paraguay"
"San Luis Potosí","Mexico"
"San Luis","Argentina"
"San Martin","El Salvador"
"San Mateo, Rizal","Philippines"
"San Miguel","El Salvador"
"San Miguel de Tucumán","Argentina"
"San Miguel, Bulacan","Philippines"
"San Miguelito","Panama"
"San Nicolás","Argentina"
"San Nicolás de los Garzas","Mexico"
"San Pablo City","Philippines"
"San Pedro de Macoris","Dominican Republic"
"San Pedro Sula","Honduras"
"San Pedro, Laguna","Philippines"
"San Rafael","Argentina"
"San Salvador de Jujuy","Argentina"
"San Salvador","El Salvador"
"San Sebastián","Spain"
"Sana'a","Yemen"
"Sanandaj","Iran"
"Sancti Spíritus","Cuba"
"Sanda","Japan"
"Sandakan","Malaysia"
"Sangli","India"
"Şanlıurfa","Turkey"
"Sanmenxia","China"
"Sanming","China"
"Santa Ana, California","United States"
"Santa Bárbara d'Oeste","Brazil"
"Santa Clara, California","United States"
"Santa Clara","Cuba"
"Santa Clarita, California","United States"
"Santa Coloma de Gramanet","Spain"
"Santa Cruz de la Sierra","Bolivia"
"Santa Cruz de Tenerife","Spain"
"Santa Cruz do Sul","Brazil"
"Santa Cruz, Laguna","Philippines"
"Santa Fe de Bogotá","Colombia"
"Santa Fe","Argentina"
"Santa Luzia, Minas Gerais","Brazil"
"Santa Maria, California","United States"
"Santa Maria, Bulacan","Philippines"
"Santa Marta","Colombia"
"Santa Rita","Brazil"
"Santa Rosa, California","United States"
"Santa Rosa City","Philippines"
"Santander","Spain"
"Santarém, Brazil","Brazil"
"Santiago","Chile"
"Santiago City","Philippines"
"Santiago de Cuba","Cuba"
"Santiago de los Caballeros","Dominican Republic"
"Santiago del Estero","Argentina"
"Santipur","India"
"Santo André","Brazil"
"Santo Domingo de los Colorados","Ecuador"
"Santo Domingo","Dominican Republic"
"Santo Tomas, Batangas","Philippines"
"Santos","Brazil"
"Sanya","China"
"São Bernardo do Campo","Brazil"
"São Caetano do Sul","Brazil"
"São Carlos","Brazil"
"São Gonçalo","Brazil"
"São João de Meriti","Brazil"
"São José de Ribamar","Brazil"
"São José do Rio Preto","Brazil"
"São José dos Campos","Brazil"
"São José dos Pinhais","Brazil"
"São José","Brazil"
"São Leopoldo","Brazil"
"São Luís","Brazil"
"São Paulo","Brazil"
"São Vicente","Brazil"
"Sapporo","Japan"
"Sapucaia do Sul","Brazil"
"Saqez","Iran"
"Saraburi","Thailand"
"Sarajevo","Bosnia and Herzegovina"
"Saransk","Russia"
"Sarapul","Russia"
"Saratov","Russia"
"Sar-e Pol","Afghanistan"
"Sargodha","Pakistan"
"Sari","Iran"
"Sariaya, Quezon","Philippines"
"Sariwon","North Korea"
"Sasebo","Japan"
"Saskatoon","Canada"
"Sassari","Italy"
"Satna","India"
"Satu Mare","Romania"
"Savannah, Georgia","United States"
"Sayama","Japan"
"Schwerin","Germany"
"Scottsdale, Arizona","United States"
"Seam Reab","Cambodia"
"Seattle","United States"
"Sabha","Libya"
"Sekondi-Takoradi","Ghana"
"Seleyang Baru","Malaysia"
"Semarang","Indonesia"
"Semipalatinsk","Kazakhstan"
"Sendai","Japan"
"Seongnam","South Korea"
"Seoul","South Korea"
"Serampore","India"
"Seremban","Malaysia"
"Sergiyev Posad","Russia"
"Serpukhov","Russia"
"Serra","Brazil"
"Sertaozinho","Brazil"
"Sete Lagoas","Brazil"
"Setif","Algeria"
"Seto","Japan"
"Sevastopol",""
"Severodvinsk","Russia"
"Seversk","Russia"
"Seville","Spain"
"Sfax","Tunisia"
"Shah Alam","Malaysia"
"Shahe","China"
"Shahjahanpur","India"
"Shahrak-e Gharb","Iran"
"Shahrekord","Iran"
"Shahrud","Iran"
"Shakhty","Russia"
"Shanghai","China"
"Shangluo","China"
"Shangqiu","China"
"Shangrao","China"
"Shangzhi","China"
"Shantou","China"
"Shanwei","China"
"Shaoguan","China"
"Shaowu","China"
"Shaoxing","China"
"Shaoyang","China"
"Sharjah","United Arab Emirates"
"Shchyolkovo","Russia"
"Sheberghan","Afghanistan"
"Sheffield","United Kingdom"
"Sheikhu Pura","Pakistan"
"Sheopur","India"
"Shenyang","China"
"Shenzhen","China"
"Sherbrooke","Canada"
"Shibin el-Kom","Egypt"
"Shihezi","China"
"Shihung","South Korea"
"Shijiazhuang","China"
"Shikarpur","Pakistan"
"Shillong","India"
"Shimizu","Japan"
"Shymkent","Kazakhstan"
"Shimla","India"
"Shimoga","India"
"Shimonoseki","Japan"
"Shinyanga","Tanzania"
"Shiraz","Iran"
"Shishi City","China"
"Shishou","China"
"Shivpuri","India"
"Shiyan","China"
"Shizuishan","China"
"Shizuoka","Japan"
"Shkodër","Albania"
"Shreveport, Louisiana","United States"
"Shuangcheng","China"
"Shuangyashan","China"
"Shubra al Khaymah","Egypt"
"Shuozhou","China"
"Sialkote","Pakistan"
"Šiauliai","Lithuania"
"Sibiu","Romania"
"Sibu","Malaysia"
"Sidi-bel-Abbès","Algeria"
"Siegen","Germany"
"Sieverodonetsk","Ukraine"
"Siirt","Turkey"
"Sikar","India"
"Silang, Cavite","Philippines"
"Silay City","Philippines"
"Silchar","India"
"Siliguri","India"
"Simferopol",""
"Simi Valley, California","United States"
"Sincelejo","Colombia"
"Singapore","Singapore"
"Singkawang","Indonesia"
"Sinuiji","North Korea"
"Sioux Falls, South Dakota","United States"
"Siping","China"
"Sirjan","Iran"
"Sirsa","India"
"Sitapur","India"
"Sittwe","Myanmar"
"Sivakasi","India"
"Sivas","Turkey"
"Siverek","Turkey"
"Skikda","Algeria"
"Skopje","Macedonia"
"Sliven","Bulgaria"
"Slough","United Kingdom"
"Sloviansk","Ukraine"
"Słupsk","Poland"
"Smederevo","Serbia"
"Smolensk","Russia"
"Soacha","Colombia"
"Sobral","Brazil"
"Sochi","Russia"
"Sofia","Bulgaria"
"Sogamoso","Colombia"
"Soka","Japan"
"Solapur","India"
"Soledad","Colombia"
"Solihull","United Kingdom"
"Solikamsk","Russia"
"Solingen","Germany"
"Songkhla","Thailand"
"Songyuan","China"
"Sonipat","India"
"Sorocaba","Brazil"
"Sorsogon City","Philippines"
"Sosnowiec","Poland"
"Souk Ahras","Algeria"
"South Bend, Indiana","United States"
"South Dum Dum","India"
"Southampton","United Kingdom"
"Southend on Sea","United Kingdom"
"Soweto","South Africa"
"Soyapango","El Salvador"
"Split","Croatia"
"Spokane, Washington","United States"
"Springfield, Illinois","United States"
"Springfield, Massachusetts","United States"
"Springfield, Missouri","United States"
"Springs","South Africa"
"Srinagar","India"
"St Helens","United Kingdom"
"St Louis, Missouri","United States"
"St Paul, Minnesota","United States"
"St Petersburg, Florida","United States"
"St. Catharines","Canada"
"St. John's","Canada"
"Stakhanov","Ukraine"
"Stamford, Connecticut","United States"
"Stara Zagora","Bulgaria"
"Starsy Oskol","Russia"
"Stavanger","Norway"
"Stavropol","Russia"
"Sterling Heights, Michigan","United States"
"Sterlitamak","Russia"
"Stockholm","Sweden"
"Stockport","United Kingdom"
"Stockton, California","United States"
"Stoke-on-Trent","United Kingdom"
"Strasbourg","France"
"Stuttgart","Germany"
"Subotica","Serbia"
"Suceava","Romania"
"Sucre","Bolivia"
"Suez","Egypt"
"Suhaj","Egypt"
"Suihua","China"
"Suining","China"
"Suita","Japan"
"Suizhou","China"
"Sukabumi","Indonesia"
"Sukkur","Pakistan"
"Sulamaniya","Iraq"
"Sullana","Peru"
"Sultanbeyli","Turkey"
"Sultan Kudarat, Maguindanao","Philippines"
"Sumaré","Brazil"
"Sumgait","Azerbaijan"
"Sumy","Ukraine"
"Suncheon, South Korea","South Korea"
"Sunderland","United Kingdom"
"Sundsvall","Sweden"
"Sungai Petani","Malaysia"
"Sunnyvale, California","United States"
"Sunshine Coast","Australia"
"Suqian","China"
"Surabaya","Indonesia"
"Surakarta","Indonesia"
"Surat Thani","Thailand"
"Surat","India"
"Surgut","Russia"
"Surigao City","Philippines"
"Surrey","Canada"
"Suzano","Brazil"
"Sutton Coldfield","United Kingdom"
"Suva, Fiji","Fiji"
"Suwon","South Korea"
"Suzhou, Anhui","China"
"Suzhou, Jiangsu","China"
"Suzuka","Japan"
"Swansea","United Kingdom"
"Swindon","United Kingdom"
"Sydney","Australia"
"Syktyvkar","Russia"
"Syracuse","Italy"
"Syracuse, New York","United States"
"Syzran","Russia"
"Szczecin","Poland"
"Szeged","Hungary"
"Székesfehérvár","Hungary"
"City","Country"
"Nabadwip","India"
"Naberezhnye Chelny","Russia"
"Nadiad","India"
"Naga","Philippines"
"Nagano","Japan"
"Nagaoka","Japan"
"Nagareyama","Japan"
"Nagasaki","Japan"
"Nagercoil","India"
"Nagoya","Japan"
"Nagpur","India"
"Naha","Japan"
"Naihati","India"
"Nairobi","Kenya"
"Najaf","Iraq"
"Najafabad","Iran"
"Nakhodka","Russia"
"Nakhon Pathom","Thailand"
"Nakhon Ratchasima","Thailand"
"Nakhon Sawan","Thailand"
"Nakhon Si Thammarat","Thailand"
"Nakuru","Kenya"
"Nalchik","Russia"
"Namangan","Uzbekistan"
"Nam Định","Vietnam"
"Nampo","North Korea"
"Nampula","Mozambique"
"Namur","Belgium"
"Nanchang","China"
"Nanchong","China"
"Nancy","France"
"Nanded","India"
"Nandyal","India"
"Nanjing","China"
"Nanning","China"
"Nanping","China"
"Nantes","France"
"Nantong","China"
"Nanyang","China"
"Naperville","United States"
"Napier-Hastings","New Zealand"
"Naples","Italy"
"Nara","Japan"
"Narashino","Japan"
"Narayanganj","Bangladesh"
"Nasiriyah","Iraq"
"Nashik","India"
"Nashville","United States"
"Nassau","Bahamas"
"Nasugbu","Philippines"
"Natal","Brazil"
"Naucalpan","Mexico"
"Navapolatsk","Belarus"
"Navoiy","Uzbekistan"
"Navotas","Philippines"
"Navsari","India"
"Nawabganj","Bangladesh"
"Nawabshah","Pakistan"
"Nazilli","Turkey"
"N'Djamena","Chad"
"Ndola","Zambia"
"Neftekamsk","Russia"
"Nefteyugansk","Russia"
"Neijiang","China"
"Neiva","Colombia"
"Nellore","India"
"Netanya","Israel"
"Neuquén","Argentina"
"Neuss","Germany"
"Nevinnomyssk","Russia"
"Navi Mumbai","India"
"New Delhi","India"
"New Haven","United States"
"Noida","India"
"New Orleans","United States"
"New York","United States"
"Newark","United States"
"Newcastle upon Tyne","United Kingdom"
"Newcastle","Australia"
"Newport","United Kingdom"
"Neyagawa","Japan"
"Nishapur","Iran"
"Neyveli","India"
"Nha Trang","Vietnam"
"Niamey","Niger"
"Nice","France"
"Nicosia","Cyprus"
"Niigata","Japan"
"Niihama","Japan"
"Niiza","Japan"
"Nijmegen","Netherlands"
"Nikopol","Ukraine"
"Nilópolis","Brazil"
"Nîmes","France"
"Ningbo","China"
"Ningde","China"
"Niš","Serbia"
"Nishinomiya","Japan"
"Nishio","Japan"
"Niterói","Brazil"
"Nizamabad","India"
"Nizhnevartovsk","Russia"
"Nizhnekamsk","Russia"
"Nizhny Novgorod","Russia"
"Nizhny Tagil","Russia"
"Nobeoka","Japan"
"Noda","Japan"
"Nogales","Mexico"
"Noginsk","Russia"
"Nonthaburi","Thailand"
"Norilsk","Russia"
"Norman","United States"
"Norrköping","Sweden"
"North Las Vegas","United States"
"Northampton","United Kingdom"
"Norwalk","United States"
"Norwich","United Kingdom"
"Norzagaray, Bulacan","Philippines"
"Nossa Senhora do Socorro","Brazil"
"Nottingham","United Kingdom"
"Nouakchott","Mauritania"
"Nova Friburgo","Brazil"
"Nova Iguaçu","Brazil"
"Novara","Italy"
"Novi Sad","Serbia"
"Novo Hamburgo","Brazil"
"Novocheboksarsk","Russia"
"Novocherkassk","Russia"
"Novokuybyshevsk","Russia"
"Novokuznetsk","Russia"
"Novomoskovsk","Russia"
"Novorossiysk","Russia"
"Novoshakhtinsk","Russia"
"Novosibirsk","Russia"
"Novotroitsk","Russia"
"Novy Urengoy","Russia"
"Noyabrsk","Russia"
"Nuevo Laredo","Mexico"
"Nukus","Uzbekistan"
"Numazu","Japan"
"Nuremberg","Germany"
"Nyala","Sudan"
"Nyíregyháza","Hungary"
"City","Country"
"Waco","United States"
"Wad Madani","Sudan"
"Wadhwan","India"
"Wafangdian","China"
"Wagga Wagga","Australia"
"Wah Cantonment","Pakistan"
"Wakayama","Japan"
"Wałbrzych","Poland"
"Walsall","United Kingdom"
"Wanzhou District","China"
"Warangal","India"
"Wardha","India"
"Warren","United States"
"Warrington","United Kingdom"
"Warsaw","Poland"
"Washington, D.C.","United States"
"Waterbury","United States"
"Watford","United Kingdom"
"Weifang","China"
"Weihai","China"
"Weihui","China"
"Weinan","China"
"Wellington","New Zealand"
"Wendeng","China"
"Wenzhou","China"
"West Bromwich","United Kingdom"
"West Covina","United States"
"West Jordan, Utah","United States"
"West Valley City, Utah","United States"
"Westminster","United States"
"Whitby","Canada"
"Wichita Falls","United States"
"Wichita","United States"
"Wiesbaden","Germany"
"Willemstad","Netherlands"
"Windhoek","Namibia"
"Windsor","Canada"
"Winnipeg","Canada"
"Winston-Salem","United States"
"Winterthur","Switzerland"
"Witten","Germany"
"Włocławek","Poland"
"Wolfsburg","Germany"
"Wollongong","Australia"
"Wolverhampton","United Kingdom"
"Wonju","South Korea"
"Wonsan","North Korea"
"Worcester","United States"
"Wrocław","Poland"
"Wu'an","China"
"Wuhai","China"
"Wuhan","China"
"Wuhu","China"
"Wuppertal","Germany"
"Wuwei","China"
"Wuxi","China"
"Wuxue","China"
"Wuyishan","China"
"Wuzhong","China"
"Wuzhou","China"
"Würzburg","Germany"
"City","Country"
"Cabanatuan City","Philippines"
"Cabimas","Venezuela"
"Cabo de Santo Agostinho","Brazil"
"Cabo Frio","Brazil"
"Cabuyao City","Philippines"
"Cachoeirinha","Brazil"
"Cachoeiro de Itapemirim","Brazil"
"Cadiz City","Philippines"
"Cádiz","Spain"
"Caen","France"
"Cagayan de Oro","Philippines"
"Cagliari","Italy"
"Caguas","Puerto Rico"
"Cainta","Philippines"
"Cairns","Australia"
"Cairo","Egypt"
"Cajamarca","Peru"
"Calabar","Nigeria"
"Calais","France"
"Calama","Chile"
"Calamba City","Philippines"
"Calapan City","Philippines"
"Calbayog","Philippines"
"Calgary","Canada"
"Cali","Colombia"
"Caloocan","Philippines"
"Camaçari","Brazil"
"Camagüey","Cuba"
"Camaragibe","Brazil"
"Cambridge","United States"
"Cambridge","Canada"
"Cambridge","United Kingdom"
"Campeche","Mexico"
"Cẩm Phả","Vietnam"
"Campina Grande","Brazil"
"Campinas","Brazil"
"Campo Grande","Brazil"
"Campos dos Goytacazes","Brazil"
"Canberra","Australia"
"Candelaria","Philippines"
"Cangzhou","China"
"Canoas","Brazil"
"Cần Thơ","Vietnam"
"Cape Breton","Canada"
"Cape Coral","United States"
"Cape Town","South Africa"
"Cap-Haïtien","Haiti"
"Caracas","Venezuela"
"Carapicuíba","Brazil"
"Carcar","Philippines"
"Cardiff","United Kingdom"
"Cariacica","Brazil"
"Carolina","Puerto Rico"
"Carlisle","United Kingdom"
"Carrefour","Haiti"
"Carrollton","United States"
"Cartagena de Indias","Colombia"
"Cartagena","Spain"
"Cartago","Costa Rica"
"Cartago","Colombia"
"Caruaru","Brazil"
"Carúpano","Venezuela"
"Casablanca","Morocco"
"Cascavel","Brazil"
"Castanhal","Brazil"
"Castellón de la Plana","Spain"
"Catanduva","Brazil"
"Catania","Italy"
"Catia La Mar","Venezuela"
"Cauayan City","Philippines"
"Caucaia","Brazil"
"Cavite City","Philippines"
"Caxias do Sul","Brazil"
"Caxias","Brazil"
"Cayenne","French Guiana"
"Cebu City","Philippines"
"Cedar Rapids","United States"
"Celaya","Mexico"
"Chandannagar","India"
"Chandigarh","India"
"Chandler","United States"
"Chandrapur","India"
"Changchun","China"
"Changde","China"
"Changji","China"
"Changsha","China"
"Changshi","China"
"Changwon","South Korea"
"Changzhi","China"
"Changzhou","China"
"Chaohu","China"
"Chaoyang","China"
"Chaozhou","China"
"Chapecó","Brazil"
"Chhapra","India"
"Charikar","Afghanistan"
"Charleroi","Belgium"
"Charlotte","United States"
"Chatham-Kent","Canada"
"Chattanooga","United States"
"Cheboksary","Russia"
"Chelyabinsk","Russia"
"Chemnitz","Germany"
"Chengde","China"
"Chengdu","China"
"Chengzhou","China"
"Chennai","India"
"Cheonan","South Korea"
"Cheongju","South Korea"
"Cherepovets","Russia"
"Cherkasy","Ukraine"
"Cherkessk","Russia"
"Chernihiv","Ukraine"
"Chernivtsi","Ukraine"
"Cherthala","India"
"Chía","Colombia"
"Chiang Mai","Thailand"
"Chiayi","Taiwan"
"Chiba","Japan"
"Chibi City","China"
"Chicago","United States"
"Chiclayo","Peru"
"Chifeng","China"
"Chigasaki","Japan"
"Chihuahua","Mexico"
"Chikmagalur","India"
"Chillán","Chile"
"Chilpancingo","Mexico"
"Chimalhuacán","Mexico"
"Chimbote","Peru"
"Chinandega","Nicaragua"
"Chincha Alta","Peru"
"Chingola","Zambia"
"Chiniot","Pakistan"
"Chirala","India"
"Chirchiq","Uzbekistan"
"Chishtian","Pakistan"
"Chişinău","Moldova"
"Chita","Russia"
"Chitradurga","India"
"Chittagong","Bangladesh"
"Chittoor","India"
"Chitungwiza","Zimbabwe"
"Chizhou","China"
"Chlef","Algeria"
"Chōfu","Japan"
"Choloma","Honduras"
"Choluteca","Honduras"
"Chonburi","Thailand"
"Chongjin","North Korea"
"Chongqing","China"
"Chorzów","Poland"
"Christchurch","New Zealand"
"Chula Vista","United States"
"Chuncheon","South Korea"
"Chungju","South Korea"
"Chuxiong City","China"
"Chuzhou","China"
"Cienfuegos","Cuba"
"Cincinnati","United States"
"Cirebon","Indonesia"
"Ciudad Apodaca","Mexico"
"Ciudad Bolívar","Venezuela"
"Ciudad Acuña","Mexico"
"Ciudad del Este","Paraguay"
"Ciudad Delgado","El Salvador"
"Ciudad Guayana","Venezuela"
"Ciudad Juárez","Mexico"
"Ciudad López Mateos","Mexico"
"Ciudad Losada","Venezuela"
"Ciudad Madero","Mexico"
"Ciudad Nezahualcóyotl","Mexico"
"Ciudad Obregón","Mexico"
"Ciudad Victoria","Mexico"
"Cixi","China"
"Clarksville","United States"
"Clearwater","United States"
"Clermont-Ferrand","France"
"Cleveland","United States"
"Cluj-Napoca","Romania"
"Coacalco","Mexico"
"Coatzacoalcos","Mexico"
"Cochabamba","Bolivia"
"Codó","Brazil"
"Coimbatore","India"
"Coimbra","Portugal"
"Colatina","Brazil"
"Colchester","United Kingdom"
"Colima","Mexico"
"Cologne","Germany"
"Colombo","Brazil"
"Colombo","Sri Lanka"
"Colón","Panama"
"Colorado Springs","United States"
"Columbia","United States"
"Columbia","United States"
"Columbus, Georgia","United States"
"Columbus, Ohio","United States"
"Comilla","Bangladesh"
"Comodoro Rivadavia","Argentina"
"Conakry","Guinea"
"Concepción","Chile"
"Concord","United States"
"Concordia","Argentina"
"Constanţa","Romania"
"Constantine","Algeria"
"Contagem","Brazil"
"Copenhagen","Denmark"
"Copiapó","Chile"
"Coquimbo","Chile"
"Coquitlam","Canada"
"Coral Springs","United States"
"Corby","United Kingdom"
"Córdoba","Argentina"
"Córdoba","Spain"
"Córdoba","Mexico"
"Cork","Ireland"
"Çorlu","Turkey"
"Coro","Venezuela"
"Corona","United States"
"Corpus Christi","United States"
"Corrientes","Argentina"
"Çorum","Turkey"
"Costa Mesa","United States"
"Cotabato City","Philippines"
"Cotia","Brazil"
"Cotonou","Benin"
"Cottbus","Germany"
"Coventry","United Kingdom"
"Craiova","Romania"
"Crato","Brazil"
"Crawley","United Kingdom"
"Criciúma","Brazil"
"Cuautitlán","Mexico"
"Cuautla","Mexico"
"Cubatão","Brazil"
"Cúcuta","Colombia"
"Cuddalore","India"
"Cuenca","Ecuador"
"Cuernavaca","Mexico"
"Cuiabá","Brazil"
"Culiacán","Mexico"
"Cumaná","Venezuela"
"Curicó","Chile"
"Curitiba","Brazil"
"Cusco","Peru"
"Cuttack","India"
"Częstochowa","Poland"
"City","Country"
"Vadodara","India"
"Valdivia","Chile"
"Valencia","Spain"
"Valencia","Philippines"
"Valencia","Venezuela"
"Valenciennes","France"
"Valera","Venezuela"
"Valladolid","Spain"
"Valle de Chalco","Mexico"
"Valledupar","Colombia"
"Vallejo","United States"
"Valparai","India"
"Valparaíso","Chile"
"Valsad","India"
"Van","Turkey"
"Vanadzor","Armenia"
"Vancouver","United States"
"Vancouver","Canada"
"Vantaa","Finland"
"Varamin","Iran"
"Varanasi","India"
"Varginha","Brazil"
"Varna","Bulgaria"
"Várzea Grande","Brazil"
"Västerås","Sweden"
"Vatakara","India"
"Vaughan","Canada"
"Velikiye Luki","Russia"
"Veliky Novgorod","Russia"
"Vellore","India"
"Venice","Italy"
"Veracruz","Mexico"
"Vereeniging","South Africa"
"Verona","Italy"
"Viamão","Brazil"
"Vicente López","Argentina"
"Vicenza","Italy"
"Victoria de Las Tunas","Cuba"
"Victoria","Canada"
"Vienna","Austria"
"Vientiane","Laos"
"Vigo","Spain"
"Vijayawada","India"
"Vila Nova de Gaia","Portugal"
"Vila Velha","Brazil"
"Villa Nicolás Romero","Mexico"
"Villahermosa","Mexico"
"Villavicencio","Colombia"
"Villeurbanne","France"
"Vilnius","Lithuania"
"Viña del Mar","Chile"
"Vinh","Vietnam"
"Vinnytsia","Ukraine"
"Viranşehir","Turkey"
"Visakhapatnam","India"
"Vitebsk","Belarus"
"Vitória da Conquista","Brazil"
"Vitória de Santo Antão","Brazil"
"Vitória","Brazil"
"Vitoria-Gasteiz","Spain"
"Vizianagaram","India"
"Vladikavkaz","Russia"
"Vladimir","Russia"
"Vladivostok","Russia"
"Volgodonsk","Russia"
"Volgograd","Russia"
"Vologda","Russia"
"Volos","Greece"
"Volta Redonda","Brazil"
"Volzhsky","Russia"
"Voronezh","Russia"
"Votkinsk","Russia"
"Vũng Tàu","Vietnam"
"City","Country"
"Paarl","South Africa"
"Pabna","Bangladesh"
"Pachuca","Mexico"
"Padang","Indonesia"
"Paderborn","Germany"
"Padua","Italy"
"Pagadian City","Philippines"
"Pago Pago, American Samoa","United States"
"Paita","Peru"
"Pakalongan","Indonesia"
"Pakan Baru","Indonesia"
"Pakpattan","Pakistan"
"Palakkad","India"
"Palangkaraya","Indonesia"
"Palembang","Indonesia"
"Palermo","Italy"
"Pali","India"
"Palma de Mallorca","Spain"
"Palmas","Brazil"
"Palmdale, California","United States"
"Palmira","Colombia"
"Palu","Indonesia"
"Pamplona","Spain"
"Panabo City","Philippines"
"Panama City","Panama"
"Pančevo","Serbia"
"Panevėžys","Lithuania"
"Panihati","India"
"Panipat","India"
"Panjin","China"
"Panzhihua","China"
"Papeete","France"
"Paradise, Nevada","United States"
"Parakou","Benin"
"Paramaribo","Suriname"
"Paraná","Argentina"
"Paranaguá","Brazil"
"Parang, Maguindanao","Philippines"
"Parbhani","India"
"Pardubice","Czech Republic"
"Paris","France"
"Parla","Spain"
"Pasadena, California","United States"
"Patos de Minas","Brazil"
"Patna","India"
"Patras","Greece"
"Patratu","India"
"Paulista","Brazil"
"Pavlodar","Kazakhstan"
"Pavlohrad","Ukraine"
"Pécs","Hungary"
"Pelotas","Brazil"
"Pematang Siantar","Indonesia"
"Pembroke Pines, Florida","United States"
"Penza","Russia"
"Peoria, Arizona","United States"
"Peoria, Illinois","United States"
"Pereira","Colombia"
"Peristeri","Greece"
"Perm","Russia"
"Perpignan","France"
"Perth","Australia"
"Perugia","Italy"
"Pervouralsk","Russia"
"Pescara","Italy"
"Peshawar","Pakistan"
"Petah Tikva","Israel"
"Petaling Jaya","Malaysia"
"Petare","Venezuela"
"Peterborough","United Kingdom"
"Petrolina","Brazil"
"Petropavl","Kazakhstan"
"Petropavlovsk-Kamchatsky","Russia"
"Petrópolis","Brazil"
"Petrozavodsk","Russia"
"Pforzheim","Germany"
"Philadelphia, Pennsylvania","United States"
"Phuket","Thailand"
"Phnom Penh","Cambodia"
"Phoenix, Arizona","United States"
"Phusro","India"
"Phyongsong","North Korea"
"Piatra Neamţ","Romania"
"Pietermaritzburg","South Africa"
"Pikine","Senegal"
"Pilibhit","India"
"Pinar del Río","Cuba"
"Pindamonhangaba","Brazil"
"Pingdingshan","China"
"Pingdu","China"
"Pingliang","China"
"Pingxiang","China"
"Pinhais","Brazil"
"Pinsk","Belarus"
"Piracicaba","Brazil"
"Piraeus","Greece"
"Pir Mahal","Pakistan"
"Piteşti","Romania"
"Pittsburgh, Pennsylvania","United States"
"Piura","Peru"
"Plano, Texas","United States"
"Pleven","Bulgaria"
"Płock","Poland"
"Ploieşti","Romania"
"Plovdiv","Bulgaria"
"Plymouth","United Kingdom"
"Plzeň","Czech Republic"
"Poços de Caldas","Brazil"
"Podgorica","Montenegro"
"Podolsk","Russia"
"Pohang","South Korea"
"Pointe-Noire","Republic of the Congo"
"Pollachi","India"
"Polomolok, South Cotabato","Philippines"
"Poltava","Ukraine"
"Pomona, California","United States"
"Ponce","United States"
"Pondicherry","India"
"Ponta Grossa","Brazil"
"Pontianak","Indonesia"
"Poole","United Kingdom"
"Popayán","Colombia"
"Porac, Pampanga","Philippines"
"Porbandar","India"
"Port Elizabeth","South Africa"
"Port Harcourt","Nigeria"
"Port Louis","Mauritius"
"Port Moresby","Papua New Guinea"
"Port Said","Egypt"
"Port Sudan","Sudan"
"Port-au-Prince","Haiti"
"Portland, Oregon","United States"
"Porto Alegre","Brazil"
"Porto Novo","Benin"
"Porto Velho","Brazil"
"Porto","Portugal"
"Portoviejo","Ecuador"
"Portsmouth","United Kingdom"
"Posadas","Argentina"
"Potosí","Bolivia"
"Potsdam","Germany"
"Pouso Alegre","Brazil"
"Poza Rica de Hidalgo","Mexico"
"Poznań","Poland"
"Prague","Czech Republic"
"Praia Grande","Brazil"
"Praia","Cape Verde"
"Prato","Italy"
"Presidente Prudente","Brazil"
"Preston","United Kingdom"
"Pretoria","South Africa"
"Prijedor","Bosnia and Herzegovina"
"Priština",""
"Probolinggo","Indonesia"
"Proddatur","India"
"Prokopyevsk","Russia"
"Providence, Rhode Island","United States"
"Provo, Utah","United States"
"Pskov","Russia"
"Pucallpa","Peru"
"Puebla de Zaragoza","Mexico"
"Pueblo, Colorado","United States"
"Puente Alto","Chile"
"Puerto Cabello","Venezuela"
"Puerto Montt","Chile"
"Puerto Princesa City","Philippines"
"Puli Khumri","Afghanistan"
"Pune","India"
"Puno","Peru"
"Punta Arenas","Chile"
"Punto Fijo","Venezuela"
"Puri","India"
"Purnia","India"
"Putian","China"
"Puyang","China"
"Pyatigorsk","Russia"
"Pyongyang","North Korea"
"City","Country"
"Kabankalan","Philippines"
"Kabul","Afghanistan"
"Kabwe","Zambia"
"Kadhimiya","Iraq"
"Kadoma","Japan"
"Kaduna","Nigeria"
"Kaesong","North Korea"
"Kafr Dawar","Egypt"
"Kagoshima","Japan"
"Kahramanmaraş","Turkey"
"Kaifeng","China"
"Kaili","China"
"Kairouan","Tunisia"
"Kaiserslautern","Germany"
"Kaiyuan","China"
"Kaiyuan","China"
"Kakamigahara","Japan"
"Kakinada","India"
"Kakogawa","Japan"
"Kaliningrad","Russia"
"Kalisz","Poland"
"Kallithea","Greece"
"Kaluga","Russia"
"Kalyan","India"
"Kamagaya","Japan"
"Kamakura","Japan"
"Kamarhati","India"
"Kamensk-Uralsky","Russia"
"Kamianets-Podilskyi","Ukraine"
"Kamoke","Pakistan"
"Kampala","Uganda"
"Kampong Cham","Cambodia"
"Kamptee","India"
"Kamyshin","Russia"
"Kananga","Democratic Republic of the Congo"
"Kanazawa","Japan"
"Kanchipuram","India"
"Kanchrapara","India"
"Kandahar","Afghanistan"
"Kandy","Sri Lanka"
"Kanggye","Myanmar"
"Kanhangad","India"
"Kannur","India"
"Kano","Nigeria"
"Kanpur","India"
"Kansas City","United States"
"Kansk","Russia"
"Kaohsiung","Taiwan"
"Kaolack","Senegal"
"Karachi","Pakistan"
"Karaganda","Kazakhstan"
"Karaikkudi","India"
"Karaj","Iran"
"Karaman","Turkey"
"Karamay","China"
"Karbala","Iraq"
"Karimnagar","India"
"Kariya","Japan"
"Karlsruhe","Germany"
"Karnal","India"
"Karur","India"
"Kashan","Iran"
"Kashgar","China"
"Kashihara","Japan"
"Kashipur","India"
"Kashiwa","Japan"
"Kassala","Sudan"
"Kassel","Germany"
"Kasuga","Japan"
"Kasugai","Japan"
"Kasukabe","Japan"
"Kasur","Pakistan"
"Kathlehong","South Africa"
"Kathmandu","Nepal"
"Katihar","India"
"Katowice","Poland"
"Kaunas","Lithuania"
"Kawachinagano","Japan"
"Kawagoe","Japan"
"Kawaguchi","Japan"
"Kawanishi","Japan"
"Kawasaki","Japan"
"Kayseri","Turkey"
"Kazan","Russia"
"Kecskemét","Hungary"
"Kediri","Indonesia"
"Keelung","Taiwan"
"Kelowna","Canada"
"Kemerovo","Russia"
"Kempton Park","South Africa"
"Kenitra","Morocco"
"Kerch","Ukraine"
"Kerman","Iran"
"Kermanshah","Iran"
"Khabarovsk","Russia"
"Khairpur","Pakistan"
"Khammam","India"
"Khandwa","India"
"Khanewal","Pakistan"
"Khanpur","Pakistan"
"Kharagpur","India"
"Kharkiv","Ukraine"
"Khartoum","Sudan"
"Khartoum North","Sudan"
"Khasavyurt","Russia"
"Khayelitsha","South Africa"
"Khenchela","Algeria"
"Kherson","Ukraine"
"Khimki","Russia"
"Khmelnytskyi","Ukraine"
"Khomeini Shahr","Iran"
"Khon Kaen","Thailand"
"Khoramabad","Iran"
"Khoramshahr","Iran"
"Khouribga","Morocco"
"Khoy","Iran"
"Khulna","Bangladesh"
"Kırıkkale","Turkey"
"Kızıltepe","Turkey"
"Kidapawan City","Philippines"
"Kiel","Germany"
"Kielce","Poland"
"Kiev","Ukraine"
"Kigali","Rwanda"
"Kikwit","Democratic Republic of the Congo"
"Kimberley","South Africa"
"Kimhae","South Korea"
"Kingston","Jamaica"
"Kingston","Canada"
"Kingston upon Hull","United Kingdom"
"Kinshasa","Democratic Republic of the Congo"
"Kirkuk","Iraq"
"Kiryu","Japan"
"Kisangani","Democratic Republic of the Congo"
"Kisarazu","Japan"
"Kiselyovsk","Russia"
"Kishiwada","Japan"
"Kislovodsk","Russia"
"Kismayo","Somalia"
"Kisumu","Kenya"
"Kitakyushu","Japan"
"Kitami","Japan"
"Kitchener","Canada"
"Kitwe","Zambia"
"Klaipėda","Lithuania"
"Klang","Malaysia"
"Knoxville","United States"
"Kobe","Japan"
"Koblenz","Germany"
"Kochi","India"
"Kōchi","Japan"
"Kodaira","Japan"
"Kofu","Japan"
"Koganei","Japan"
"Kohat","Pakistan"
"Kokand","Uzbekistan"
"Kokshetau","Kazakhstan"
"Kokubunji","Japan"
"Kolar","India"
"Kolhapur","India"
"Kolkata","India"
"Kollam","India"
"Kolomna","Russia"
"Kolwezi","Democratic Republic of the Congo"
"Komaki","Japan"
"Komatsu","Japan"
"Komsomolsk-on-Amur","Russia"
"Konya","Turkey"
"Korba","India"
"Korhogo","Ivory Coast"
"Koriyama","Japan"
"Korla","China"
"Korolyov","Russia"
"Koronadal City","Philippines"
"Koshigaya","Japan"
"Košice","Slovakia"
"Kostanay","Kazakhstan"
"Kosti","Sudan"
"Kostroma","Russia"
"Koszalin","Poland"
"Kota Bharu","Malaysia"
"Kota Kinabalu","Malaysia"
"Kota","India"
"Kothagudem","India"
"Kottayam","India"
"Kovrov","Russia"
"Kozhikode","India"
"Kragujevac","Serbia"
"Kraków","Poland"
"Kraljevo","Serbia"
"Kramatorsk","Ukraine"
"Krasnodar","Russia"
"Krasnoyarsk","Russia"
"Krasnyi Luch","Ukraine"
"Krefeld","Germany"
"Kremenchuk","Ukraine"
"Krishnanagar","India"
"Kropyvnytskyi","Ukraine"
"Kruševac","Serbia"
"Kryvyi Rih","Ukraine"
"Kuala Lumpur","Malaysia"
"Kuala Terengganu","Malaysia"
"Kuantan","Malaysia"
"Kuching","Malaysia"
"Kumagaya","Japan"
"Kumamoto","Japan"
"Kumasi","Ghana"
"Kumbakonam","India"
"Kunduz","Afghanistan"
"Kunming","China"
"Kunshan","China"
"Kuopio","Finland"
"Kurashiki","Japan"
"Kure","Japan"
"Kurgan","Russia"
"Kurnool","India"
"Kursk","Russia"
"Kurume","Japan"
"Kusatsu","Japan"
"Kushiro","Japan"
"Kut","Iraq"
"Kutaisi","Georgia"
"Kuwait City","Kuwait"
"Kuwana","Japan"
"Kütahya","Turkey"
"Kuytun","China"
"Kwekwe","Zimbabwe"
"Kyoto","Japan"
"Kyzyl","Russia"
"Kyzylorda","Kazakhstan"
"City","Country"
"Xalapa","Mexico"
"Xiamen","China"
"Xi'an","China"
"Xiangfan","China"
"Xiangtan","China"
"Xianning","China"
"Xiantao","China"
"Xianyang","China"
"Xiaogan","China"
"Xiaoshan","China"
"Xichang","China"
"Xilinhaote","China"
"Xingcheng","China"
"Xinghua","China"
"Xingtai","China"
"Xingyi","China"
"Xining","China"
"Xinji","China"
"Xintai","China"
"Xinxiang","China"
"Xinyang","China"
"Xinyi","China"
"Xinyu","China"
"Xinzhou","China"
"Xochimilco","Mexico"
"Xuancheng","China"
"Xuchang","China"
"City","Country"
"Ta’if","Saudi Arabia"
"Tabaco City","Philippines"
"Taboão da Serra","Brazil"
"Tabriz","Iran"
"Tacheng","China"
"Tachikawa","Japan"
"Tacloban City","Philippines"
"Tacna","Peru"
"Tacoma, Washington","United States"
"Taebaek","South Korea"
"Taganrog","Russia"
"Taguig City","Philippines"
"Tagum City","Philippines"
"Taian","China"
"Taichung","Taiwan"
"Tainan City","Taiwan"
"Taipei","Taiwan"
"Taiping","Malaysia"
"Taiyuan","China"
"Taiz","Yemen"
"Taizhou, Jiangsu","China"
"Taizhou, Zhejiang","China"
"Tajimi","Japan"
"Takamatsu","Japan"
"Takaoka","Japan"
"Takarazuka","Japan"
"Takasaki","Japan"
"Takatsuki","Japan"
"Talara","Peru"
"Talavera, Nueva Ecija","Philippines"
"Talca","Chile"
"Talcahuano","Chile"
"Talisay City, Cebu","Philippines"
"Tallahassee, Florida","United States"
"Talsi","Latvia"
"Tallinn","Estonia"
"Taloqan","Afghanistan"
"Tama","Japan"
"Tamale","Ghana"
"Tambov","Russia"
"Tampa, Florida","United States"
"Tampere","Finland"
"Tampico","Mexico"
"Tanauan City","Philippines"
"Tandil","Argentina"
"Tandoadam","Pakistan"
"Tanga","Tanzania"
"Tangail","Bangladesh"
"Tangier","Morocco"
"Tangshan","China"
"Tanjung Pinang","Indonesia"
"Tanta","Egypt"
"Tanza, Cavite","Philippines"
"Taonan","China"
"Tapachula","Mexico"
"Taranto","Italy"
"Tarapoto","Peru"
"Taraz","Kazakhstan"
"Târgu-Mureş","Romania"
"Tarija","Bolivia"
"Tarlac City","Philippines"
"Tarnów","Poland"
"Tarragona","Spain"
"Tarsus","Turkey"
"Tashkent","Uzbekistan"
"Taubaté","Burkina Faso"
"Taunggyi","Myanmar"
"Tauranga","New Zealand"
"Taytay, Rizal","Philippines"
"Tbilisi","Georgia"
"Tebessa","Algeria"
"Tegal","Indonesia"
"Tegucigalpa","Honduras"
"Tehran","Iran"
"Tehuacán","Mexico"
"Teixeira de Freitas","Brazil"
"Tekirdağ","Turkey"
"Tel Aviv","Israel"
"Telford","United Kingdom"
"Tembisa","South Africa"
"Temirtau","Kazakhstan"
"Tempe, Arizona","United States"
"Temuco","Chile"
"Tenali","India"
"Tengzhou","China"
"Teófilo Otoni","Brazil"
"Tepic","Mexico"
"Teresina","Brazil"
"Teresópolis","Brazil"
"Termez","Uzbekistan"
"Terni","Italy"
"Ternopil","Ukraine"
"Terrassa","Spain"
"Tétouan","Monaco"
"Thai Nguyen","Vietnam"
"Thalassery","India"
"Thane","India"
"Thanjavur","India"
"The Hague","Netherlands"
"Thessaloniki","Greece"
"Thiès","Senegal"
"Thimphu","Bhutan"
"Thiruvananthapuram","India"
"Thousand Oaks, California","United States"
"Thrissur","India"
"Thunder Bay","Canada"
"Tianjin","China"
"Tianmen","China"
"Tianshui","China"
"Tiaret","Algeria"
"Tieli","China"
"Tieling","China"
"Tijuana","Mexico"
"Tilburg","Netherlands"
"Timişoara","Romania"
"Timon","Brazil"
"Tirana","Albania"
"Tiruchchirappalli","India"
"Tirunelveli","India"
"Tirupati","India"
"Tiruppur","India"
"Tiruvannamalai","India"
"Titagarh","India"
"Tlalnepantla","Mexico"
"Tlalpan","Mexico"
"Tlaquepaque","Mexico"
"Tlaxcala","Mexico"
"Tlemoen","Algeria"
"Tobolsk","Russia"
"Toda","Japan"
"Tokat","Turkey"
"Tokorozawa","Japan"
"Tokushima","Japan"
"Tokuyama","Japan"
"Tokyo","Japan"
"Toledo City, Cebu","Philippines"
"Toledo, Ohio","United States"
"Toledo, Paraná","Brazil"
"Toluca","Mexico"
"Tolyatti","Russia"
"Tomakomai","Japan"
"Tomsk","Russia"
"Tondabayashi","Japan"
"Tongchuan","China"
"Tonghua","China"
"Tongi","Bangladesh"
"Tongjiang","China"
"Tongliao","China"
"Tongling","China"
"Tongren","China"
"Tonk","India"
"Toowoomba","Australia"
"Topeka, Kansas","United States"
"Toronto","Canada"
"Torrance, California","United States"
"Torreón","Mexico"
"Toruń","Poland"
"Tottori","Japan"
"Touggourt","Algeria"
"Toulon","France"
"Toulouse","France"
"Tours","France"
"Townsville","Australia"
"Toyama","Japan"
"Toyohashi","Japan"
"Toyokawa","Japan"
"Toyonaka","Japan"
"Toyota","Japan"
"Trabzon","Turkey"
"Trento","Italy"
"Trieste","Italy"
"Tripoli, Lebanon","Lebanon"
"Tripoli, Libya","Libya"
"Trois-Rivières","Canada"
"Trondheim","Norway"
"Trujillo","Peru"
"Tsu","Japan"
"Tsuchiura","Japan"
"Tsukuba","Japan"
"Tsuruoka","Japan"
"Tucson, Arizona","United States"
"Tuguegarao City","Philippines"
"Tula","Russia"
"Tulsa, Oklahoma","United States"
"Tulua","Colombia"
"Tulufan","China"
"Tumbes","Ecuador"
"Tumen","China"
"Tumkur","India"
"Tunis","Tunisia"
"Tunja","Colombia"
"Turgutlu","Turkey"
"Turhal","Turkey"
"Turin","Italy"
"Turkmenabat","Turkmenistan"
"Turku","Finland"
"Turmero","Venezuela"
"Tuticorin","India"
"Tuxtla Gutiérrez","Mexico"
"Tuzla","Bosnia and Herzegovina"
"Tver","Russia"
"Tychy","Poland"
"Tyumen","Russia"
"City","Country"
"Zaanstad","Netherlands"
"Zabol","Iran"
"Zabrze","Poland"
"Zacatecas","Mexico"
"Zagazig","Egypt"
"Zagreb","Croatia"
"Zahedan","Iran"
"Zama","Japan"
"Zamboanga City","Philippines"
"Zamora de Hidalgo","Mexico"
"Zanjan","Iran"
"Zanzibar City","Tanzania"
"Zaoyang","China"
"Zaozhuang","China"
"Zapopan","Mexico"
"Zaporizhia","Ukraine"
"Zaragoza","Spain"
"Zárate","Argentina"
"Zaria","Nigeria"
"Zarqa","Jordan"
"Zelenodolsk","Russia"
"Zelenograd","Russia"
"Zenica","Bosnia and Herzegovina"
"Zhalantun","China"
"Zhangjiagang","China"
"Zhangjiajie","China"
"Zhangjiakou","China"
"Zhangshu","China"
"Zhangye","China"
"Zhangzhou","China"
"Zhanjiang","China"
"Zhaodong","China"
"Zhaoqing","China"
"Zhaotong","China"
"Zheleznodorozhny","Russia"
"Zhengzhou","China"
"Zhenjiang","China"
"Zhongshan","China"
"Zhoukou","China"
"Zhoushan","China"
"Zhucheng","China"
"Zhuhai","China"
"Zhuji","China"
"Zhukovsky","Russia"
"Zhumadian","China"
"Zhuozhou","China"
"Zhuzhou","China"
"Zhytomyr","Ukraine"
"Zibo","China"
"Zielona Góra","Poland"
"Zigong","China"
"Ziguinchor","Senegal"
"Zinder","Niger"
"Zixing","China"
"Zlatoust","Russia"
"Zoetermeer","Netherlands"
"Zrenjanin","Serbia"
"Zunyi","China"
"Zuwarah","Libya"
"Zürich","Switzerland"
"Zwickau","Germany"
"Zwolle","Netherlands"
"Zakopane","Poland"
"City","Country"
"Yachiyo","Japan"
"Yaizu","Japan"
"Yakeshi","China"
"Yakutsk","Russia"
"Yamagata","Japan"
"Yamaguchi","Japan"
"Yamato, Kanagawa","Japan"
"Yamoussoukro","Ivory Coast"
"Yamuna Nagar","India"
"Yan'an","China"
"Yancheng","China"
"Yangjiang","China"
"Yangon (Rangoon)","Myanmar"
"Yangquan","China"
"Yangzhou","China"
"Yanji","China"
"Yantai","China"
"Yao","Japan"
"Yaoundé","Cameroon"
"Yaroslavl","Russia"
"Yatsushiro","Japan"
"Yavatmal","India"
"Yazd","Iran"
"Yekaterinburg","Russia"
"Yelets","Russia"
"Yenakiieve","Ukraine"
"Yeosu","South Korea"
"Yerevan","Armenia"
"Yibin","China"
"Yichang","China"
"Yichun, Heilongjiang","China"
"Yichun, Jiangxi","China"
"Yidu","China"
"Yima","China"
"Yinchuan","China"
"Yingcheng","China"
"Yingkou","China"
"Yingtan","China"
"Yining","China"
"Yiwu","China"
"Yixing","China"
"Yiyang","China"
"Yizheng","China"
"Yogyakarta","Indonesia"
"Yokkaichi","Japan"
"Yokohama","Japan"
"Yokosuka","Japan"
"Yonago","Japan"
"Yong'an","China"
"Yongzhou","China"
"Yonkers","United States"
"York","United Kingdom"
"Yoshkar-Ola","Russia"
"Yuanjiang","China"
"Yueyang","China"
"Yulin, Guangxi","China"
"Yulin, Shaanxi","China"
"Yumen","China"
"Yuncheng","China"
"Yuxi","China"
"Yuyao","China"
"Yuzhno-Sakhalinsk","Russia"
"Yuzhou","China"
"City","Country"
"Faisalabad","Pakistan"
"Faizabad","India"
"Faridabad","India"
"Farrukhabad","India"
"Fatehpur","India"
"Fayetteville","United States"
"Fayyum","Egypt"
"Feira de Santana","Brazil"
"Fengcheng","China"
"Fenghua","China"
"Fergana","Uzbekistan"
"Ferrara","Italy"
"Ferraz de Vasconcelos","Brazil"
"Fes","Morocco"
"Firozabad","India"
"Flint","United States"
"Florence","Italy"
"Florencia","Colombia"
"Florianópolis","Brazil"
"Floridablanca","Colombia"
"Focşani","Romania"
"Foggia","Italy"
"Fontana","United States"
"Forlì","Italy"
"Formosa","Argentina"
"Fort Collins","United States"
"Fort Lauderdale","United States"
"Fort Wayne","United States"
"Fort Worth","United States"
"Fortaleza","Brazil"
"Fort-de-France","Martinique"
"Foshan","China"
"Foz do Iguaçu","Brazil"
"Franca","Brazil"
"Francisco Morato","Brazil"
"Francistown","Botswana"
"Franco da Rocha","Brazil"
"Frankfurt am Main","Germany"
"Freetown","Sierra Leone"
"Freiburg im Breisgau","Germany"
"Fremont","United States"
"Fresno","United States"
"Fu'an","China"
"Fuchu","Japan"
"Fuenlabrada","Spain"
"Fuji","Japan"
"Fujieda","Japan"
"Fujimi","Japan"
"Fujin City","China"
"Fujinomiya","Japan"
"Fujisawa","Japan"
"Fukuya","Japan"
"Fukui","Japan"
"Fukuoka","Japan"
"Fukushima","Japan"
"Fukuyama","Japan"
"Fuling","China"
"Fullerton","United States"
"Funabashi","Japan"
"Funchal","Portugal"
"Fushun","China"
"Fuxin","China"
"Fuyang","China"
"Fuzhou, Fujian","China"
"Fuzhou, Jiangxi","China"
"Fürth","Germany"
"City","Country"
"Ube","Japan"
"Uberaba","Brazil"
"Uberlândia","Brazil"
"Ubon Ratchathani","Thailand"
"Udaipur","India"
"Udon Thani","Thailand"
"Udupi","India"
"Ueda","Japan"
"Ufa","Russia"
"Uji","Japan"
"Ujjain","India"
"Ujung Pandang","Indonesia"
"Ukhta","Russia"
"Ulanqab","China"
"Ulaanbaatar","Mongolia"
"Ulan Hot","China"
"Ulan-Ude","Russia"
"Ulhasnagar","India"
"Ulm","Germany"
"Ulsan","South Korea"
"Ulyanovsk","Russia"
"Umeå","Sweden"
"Umlazi","South Africa"
"Unnao","India"
"Uppsala","Sweden"
"Urasoe","Japan"
"Urawa","Japan"
"Urayasu","Japan"
"Urdaneta","Philippines"
"Urgench","Uzbekistan"
"Urmia","Iran"
"Uruapan","Mexico"
"Uruguaiana","Brazil"
"Ürümqi","China"
"Uşak","Turkey"
"Usolye-Sibirskoye","Russia"
"Ussuriysk","Russia"
"Ust-Ilimsk","Russia"
"Ust-Kamenogorsk","Kazakhstan"
"Utrecht","Netherlands"
"Utsunomiya","Japan"
"Uzhhorod","Ukraine"
"City","Country"
"Jabalpur","India"
"Jaboatao dos Guarapes","Brazil"
"Jacareí","Brazil"
"Jackson","United States"
"Jacksonville","United States"
"Jacobabad","Pakistan"
"Jaén","Spain"
"Jaffna","Sri Lanka"
"Jaipur","India"
"Jakarta","Indonesia"
"Jalalabad","Afghanistan"
"Jalandhar","India"
"Jalgaon","India"
"Jalpaiguri","India"
"Jalna","India"
"Jamalpur","Bangladesh"
"Jambi","Indonesia"
"Jamnagar","India"
"Jamshedpur","India"
"Jaraguá do Sul","Brazil"
"Jaranwala","Pakistan"
"Jastrzębie Zdrój","Poland"
"Jaú","Brazil"
"Jaunpur","India"
"Jayapura","Indonesia"
"Jeddah","Saudi Arabia"
"Jena","Germany"
"Jeongju","South Korea"
"Jeonju","South Korea"
"Jequié","Brazil"
"Jerez de la Frontera","Spain"
"Jersey City","United States"
"Jerusalem","Israel"
"Jessore","Bangladesh"
"Jhang","Pakistan"
"Jhansi","India"
"Jhelum","Pakistan"
"Jiagedaqi","China"
"Jiamusi","China"
"Ji'an","China"
"Ji'an","China"
"Jiangmen","China"
"Jiangshan","China"
"Jiangyin","China"
"Jiangyou","China"
"Jiaohe","China"
"Jiaojiang","China"
"Jiaozhou City","China"
"Jiaozuo","China"
"Jiaxing","China"
"Jiayuguan","China"
"Jieshou","China"
"Jijel","Algeria"
"Jimma","Ethiopia"
"Jimo","China"
"Jinan","China"
"Jinchang","China"
"Jincheng","China"
"Jingdezhen","China"
"Jingmen","China"
"Jingzhou","China"
"Jinhua","China"
"Jining","China"
"Jinshi City","China"
"Jinzhong","China"
"Jinzhou","China"
"Jishou","China"
"Jiujiang","China"
"Jiuquan","China"
"Jiutai","China"
"Jiutepec","Mexico"
"Jixi","China"
"Jiyuan","China"
"Jizzakh","Uzbekistan"
"João Pessoa","Brazil"
"Jodhpur","India"
"Joetsu","Japan"
"Johannesburg","South Africa"
"Johor Bahru","Malaysia"
"Joinville","Brazil"
"Joliet","United States"
"Jorhat","India"
"Jönköping","Sweden"
"Jos","Nigeria"
"Juazeiro do Norte","Brazil"
"Juazeiro","Brazil"
"Juba","South Sudan"
"Juiz de Fora","Brazil"
"Juliaca","Peru"
"Junagadh","India"
"Jundiaí","Brazil"
"Jyväskylä","Finland"
"City","Country"
"Gabès","Tunisia"
"Gaborone","Botswana"
"Gadag-Betgeri","India"
"Galați","Romania"
"Gandhidham","India"
"Gandhinagar","India"
"Ganganagar","India"
"Gangneung","South Korea"
"Gəncə","Azerbaijan"
"Ganzhou","China"
"Gaocheng","China"
"Garanhuns","Brazil"
"Garden Grove","United States"
"Garland","United States"
"Garoua","Cameroon"
"Gary","United States"
"Gateshead","United Kingdom"
"Gatineau","Canada"
"Gaya","India"
"Gaza City","Palestine"
"Gaziantep","Turkey"
"Gdańsk","Poland"
"Gdynia","Poland"
"Gebze","Turkey"
"Geelong","Australia"
"Gejiu","China"
"Geleen-Sittard","Netherlands"
"Gelsenkirchen","Germany"
"General Santos City","Philippines"
"Geneva","Switzerland"
"Genova","Italy"
"George Town","Malaysia"
"Georgetown","Guyana"
"Gera","Germany"
"Germiston","South Africa"
"Getafe","Spain"
"Ghardaïa","Algeria"
"Ghaziabad","India"
"Ghazni","Afghanistan"
"Ghent","Belgium"
"Gifu","Japan"
"Gijón","Spain"
"Gilbert","United States"
"Gingoog City","Philippines"
"Girardot","Colombia"
"Giresun","Turkey"
"Giza","Egypt"
"Glasgow","United Kingdom"
"Glazov","Russia"
"Glendale, Arizona","United States"
"Glendale, California","United States"
"Gliwice","Poland"
"Gloucester","United Kingdom"
"Godhra","India"
"Godoy Cruz","Ecuador"
"Goiânia","Brazil"
"Gojra","India"
"Gold Coast","Australia"
"Goma","Democratic Republic of the Congo"
"Gómez Palacio","Mexico"
"Gonbad-e Qabus","Iran"
"Gondar","Ethiopia"
"Gondiya","India"
"Gongzhuling","China"
"Gorakhpur","India"
"Gorgan","Iran"
"Gorzów Wielkopolski","Poland"
"Gothenburg","Sweden"
"Governador Valadares","Brazil"
"Göttingen","Germany"
"Granada","Nicaragua"
"Granada","Spain"
"Grand Prairie","United States"
"Grand Rapids","United States"
"Gravataí","Brazil"
"Graz","Austria"
"Green Bay","United States"
"Greensboro","United States"
"Grenoble","France"
"Groningen","Netherlands"
"Grozny","Russia"
"Grudziądz","Poland"
"Guadalajara","Mexico"
"Guadalupe","Mexico"
"Guanare","Venezuela"
"Guanghan","China"
"Guangshui","China"
"Guangyuan","China"
"Guangzhou","China"
"Guantánamo","Cuba"
"Guarapuava","Brazil"
"Guaratinguetá","Brazil"
"Guarenas","Venezuela"
"Guarujá","Brazil"
"Guarulhos","Brazil"
"Guatemala City","Guatemala"
"Guayaquil","Ecuador"
"Guaymas","Mexico"
"Guaynabo","Puerto Rico"
"Gudivada","India"
"Guédiawaye","Senegal"
"Guelma","Algeria"
"Guelph","Canada"
"Guigang","China"
"Guilin","China"
"Guiyang","China"
"Gujiao","China"
"Gujranwala","Pakistan"
"Gujrat City","India"
"Gulbarga","India"
"Gumi","South Korea"
"Guna","India"
"Guntakul","India"
"Gunsan","South Korea"
"Guntur","India"
"Gurgaon","India"
"Guri","South Korea"
"Guruvayur","India"
"Guwahati","India"
"Gwalior","India"
"Gwangju","South Korea"
"Gweru","Zimbabwe"
"Gyeongju","South Korea"
"Győr","Hungary"
"Gyumri","Armenia"
"towns","Country"
"Eastbourne","United Kingdom"
"Ebetsu","Japan"
"Ebina","Japan"
"Ecatepec","Mexico"
"Ede","Netherlands"
"Ede","Nigeria"
"Edéa","Cameroon"
"Edinburgh","United Kingdom"
"Edirne","Turkey"
"Edmonton","Canada"
"Eilat","Israel"
"Eindhoven","Netherlands"
"Ekibastuz","Kazakhstan"
"El Aaiún","Western Sahara"
"El Alto","Bolivia"
"El Eulma","Algeria"
"El Jadida","Morocco"
"El Khroub","Algeria"
"El Monte","United States"
"El Oued","Algeria"
"El Paso","United States"
"El Progreso","Honduras"
"Elazığ","Turkey"
"Elbląg","Poland"
"Elche","Spain"
"Eldoret","Kenya"
"Elektrostal","Russia"
"Elista","Russia"
"Elizabeth","United States"
"Elk Grove","United States"
"El-Mahalla El-Kubra","Egypt"
"Eluru","India"
"English Bazar","India"
"Enschede","Netherlands"
"Ensenada","Mexico"
"Enshi","China"
"Enugu","Nigeria"
"Envigado","Colombia"
"Erbil","Iraq"
"Erfurt","Germany"
"Erie","United States"
"Erlangen","Germany"
"Erode","India"
"Erzincan","Turkey"
"Erzurum","Turkey"
"Escondido","United States"
"Esenler","Turkey"
"Esfahan","Iran"
"Eskişehir","Turkey"
"Esmeraldas","Ecuador"
"Espoo","Finland"
"Essen","Germany"
"Etawah","India"
"Eugene","United States"
"Eujeongbu","South Korea"
"Evansville","United States"
"Exeter","United Kingdom"
"Ezhou","China"
"City","Country"
"Bab Ezzouar","Algeria"
"Babol","Iran"
"Babruysk","Belarus"
"Bacău","Romania"
"Bacolod","Philippines"
"Bacoor","Philippines"
"Badajoz","Spain"
"Badalona","Spain"
"Bafoussam","Cameroon"
"Bagé","Brazil"
"Baghdad","Iraq"
"Bago City","Philippines"
"Bago","Myanmar"
"Baguio","Philippines"
"Baharampur","India"
"Bahawalnagar","Pakistan"
"Bahawalpur","Pakistan"
"Bahía Blanca","Argentina"
"Bahir Dar","Ethiopia"
"Bahraich","India"
"Baia Mare","Romania"
"Baicheng","China"
"Baidoa","Somalia"
"Baise","China"
"Baishan","China"
"Baiyin","China"
"Bakersfield","United States"
"Baku","Azerbaijan"
"Balakovo","Russia"
"Balashikha","Russia"
"Baleshwar","India"
"Balıkesir","Turkey"
"Balikpapan","Indonesia"
"Baliuag","Philippines"
"Bally","India"
"Bălți","Moldova"
"Baltimore","United States"
"Balurghat","India"
"Bamako","Mali"
"Bamenda","Cameroon"
"Banda Aceh","Indonesia"
"Bandar Abbas","Iran"
"Bandırma","Turkey"
"Bandung","Indonesia"
"Bangalore","India"
"Bangkok","Thailand"
"Bangui","Central African Republic"
"Banha","Egypt"
"Bani Suwayf","Egypt"
"Banja Luka","Bosnia and Herzegovina"
"Banjarmasin","Indonesia"
"Banjul","Gambia"
"Bankura","India"
"Baoding","China"
"Baoji","China"
"Baoshan","China"
"Baotou","China"
"Barakaldo","Spain"
"Baraki","Algeria"
"Baranagar","India"
"Baranovichi","Belarus"
"Barbacena","Brazil"
"Barcelona","Venezuela"
"Barcelona","Spain"
"Bardhaman","India"
"Bareilly","India"
"Bari","Italy"
"Barika","Algeria"
"Barinas","Venezuela"
"Barisal","Bangladesh"
"Barnaul","Russia"
"Barquisimeto","Venezuela"
"Barra Mansa","Brazil"
"Barrackpur","India"
"Barrancabermeja","Colombia"
"Barranquilla","Colombia"
"Barreiras","Brazil"
"Barretos","Brazil"
"Barrie","Canada"
"Barueri","Brazil"
"Baruta","Venezuela"
"Barysaw","Belarus"
"Basel","Switzerland"
"Basirhat","India"
"Basra","Iraq"
"Bat Yam","Israel"
"Batala","India"
"Batam","Indonesia"
"Batangas City","Philippines"
"Bataysk","Russia"
"Bath","United Kingdom"
"Bathinda","India"
"Batman","Turkey"
"Batna","Algeria"
"Baton Rouge","United States"
"Battambang","Cambodia"
"Batumi","Georgia"
"Bauru","Brazil"
"Bayambang","Philippines"
"Bayamo","Cuba"
"Bayamón","Puerto Rico"
"Bayannur","China"
"Bayawan","Philippines"
"Baybay","Philippines"
"Bazhou","China"
"Beau-Bassin","Mauritius"
"Beaumont","United States"
"Beauvais","France"
"Beawar","India"
"Béchar","Algeria"
"Beed","India"
"Beersheba","Israel"
"Bei'an","China"
"Beihai","China"
"Beijing","China"
"Beipiao","China"
"Beirut","Lebanon"
"Béjaïa","Algeria"
"Belém","Brazil"
"Belfast","United Kingdom"
"Belford Roxo","Brazil"
"Belgaum","India"
"Belgorod","Russia"
"Belgrade","Serbia"
"Bellary","India"
"Bellevue","United States"
"Bello","Colombia"
"Belo Horizonte","Brazil"
"Bengbu","China"
"Benghazi","Libya"
"Benguela","Angola"
"Beni Mellal","Morocco"
"Benito Juárez","Mexico"
"Benoni","South Africa"
"Benxi","China"
"Beppu","Japan"
"Berbera","Somalia"
"Berdyansk","Ukraine"
"Berezniki","Russia"
"Bergamo","Italy"
"Bergen","Norway"
"Bergisch Gladbach","Germany"
"Berhampur","India"
"Berkeley","United States"
"Berlin","Germany"
"Bern","Switzerland"
"Besançon","France"
"Betim","Brazil"
"Bettiah","India"
"Bhadravati","India"
"Bhagalpur","India"
"Bhalwal","Pakistan"
"Bharatpur","India"
"Bharatpur","Nepal"
"Bharuch","India"
"Bhatpara","India"
"Bhavnagar","India"
"Bhilai","India"
"Bhilwara","India"
"Bhimavaram","India"
"Bhind","India"
"Bhiwandi","India"
"Bhiwani","India"
"Bhopal","India"
"Bhubaneswar","India"
"Bhuj","India"
"Bhusawal","India"
"Białystok","Poland"
"Bidar","India"
"Bielefeld","Germany"
"Bielsko-Biała","Poland"
"Bihar Sharif","India"
"Bijapur","India"
"Bikaner","India"
"Bila Tserkva","Ukraine"
"Bilaspur","India"
"Bilbao","Spain"
"Billings","United States"
"Biñan","Philippines"
"Binangonan","Philippines"
"Binzhou","China"
"Biratnagar","Nepal"
"Birjand","Iran"
"Birmingham","United Kingdom"
"Birmingham","United States"
"Bishkek","Kyrgyzstan"
"Bislig","Philippines"
"Biskra","Algeria"
"Bissau","Guinea-Bissau"
"Biysk","Russia"
"Bizerte","Tunisia"
"Blackburn","United Kingdom"
"Blackpool","United Kingdom"
"Blagoveshchensk","Russia"
"Blantyre","Malawi"
"Blida","Algeria"
"Bloemfontein","South Africa"
"Blumenau","Brazil"
"Bnei Brak","Israel"
"Boa Vista","Brazil"
"Bobo-Dioulasso","Burkina Faso"
"Bocaue","Philippines"
"Bochum","Germany"
"Bogor","Indonesia"
"Bogota","Colombia"
"Bogra","Bangladesh"
"Boise","United States"
"Bojnord","Iran"
"Bokaro Steel City","India"
"Boksburg","South Africa"
"Bole","China"
"Bologna","Italy"
"Bolton","United Kingdom"
"Boma","Democratic Republic of the Congo"
"Bonn","Germany"
"Bordeaux","France"
"Bordj Bou Arréridj","Algeria"
"Bordj El Kiffan","Algeria"
"Borujerd","Iran"
"Bosaso","Somalia"
"Boston","United States"
"Botoșani","Romania"
"Botou","China"
"Botshabelo","South Africa"
"Bottrop","Germany"
"Botucatu","Brazil"
"Bou Saâda","Algeria"
"Bouaké","Ivory Coast"
"Boulder","United States"
"Boulogne-Billancourt","France"
"Bourg-en-Bresse","France"
"Bournemouth","United Kingdom"
"Bozhou","China"
"Bradford","United Kingdom"
"Braga","Portugal"
"Bragança Paulista","Brazil"
"Brăila","Romania"
"Brampton","Canada"
"Brasília","Brazil"
"Brașov","Romania"
"Bratislava","Slovakia"
"Bratsk","Russia"
"Braunschweig","Germany"
"Brazzaville","Republic of the Congo"
"Breda","Netherlands"
"Bremen","Germany"
"Bremerhaven","Germany"
"Brescia","Italy"
"Brest","Belarus"
"Brest","France"
"Bridgeport","United States"
"Brighton","United Kingdom"
"Brisbane","Australia"
"Bristol","United Kingdom"
"Brno","Czech Republic"
"Brownsville","United States"
"Bruges","Belgium"
"Brussels","Belgium"
"Bryansk","Russia"
"Bucaramanga","Colombia"
"Bucharest","Romania"
"Bucheon","South Korea"
"Budapest","Hungary"
"Budaun","India"
"Buenaventura","Colombia"
"Buenos Aires","Argentina"
"Buffalo","United States"
"Buga","Colombia"
"Bujumbura","Burundi"
"Bukan","Iran"
"Bukavu","Democratic Republic of the Congo"
"Bukhara","Uzbekistan"
"Bulandshahr","India"
"Bulawayo","Zimbabwe"
"Buôn Ma Thuột","Vietnam"
"Burao","Somalia"
"Burbank","United States"
"Burewala","Pakistan"
"Burgas","Bulgaria"
"Burgos","Spain"
"Burhanpur","India"
"Burlington","Canada"
"Burnaby","Canada"
"Bursa","Turkey"
"Bury","United Kingdom"
"Busan","South Korea"
"Bushehr","Iran"
"Butuan","Philippines"
"Buzău","Romania"
"Bydgoszcz","Poland"
"Bytom","Poland"
"Butwal","Nepal"
"City","Country"
"Iaşi","Romania"
"Ibadan","Nigeria"
"Ibagué","Colombia"
"Ibaraki","Japan"
"Ibarra","Ecuador"
"Ibirité","Brazil"
"Ica","Peru"
"Ichalakaranji","India"
"Ichihara","Japan"
"Ichikawa","Japan"
"Ichinomiya","Japan"
"Ife","Nigeria"
"Iida","Japan"
"Ikeda","Japan"
"Ikere-Ekiti","Nigeria"
"Ikoma","Japan"
"Iksan","South Korea"
"Ila","Nigeria"
"Ilagan","Philippines"
"Ilam","Iran"
"Ilesa","Nigeria"
"Ilhéus","Brazil"
"Iligan","Philippines"
"Iloilo City","Philippines"
"Ilopango","El Salvador"
"Ilorin","Nigeria"
"Imabari","Japan"
"Imbaba","Egypt"
"Imperatriz","Brazil"
"Imphal","India"
"Inazawa","Japan"
"Inchon","South Korea"
"Indaiatuba","Brazil"
"Independence","United States"
"Indianapolis","United States"
"Indore","India"
"Inegöl","Turkey"
"Inglewood","United States"
"Ingolstadt","Germany"
"Innsbruck","Austria"
"Ipatinga","Brazil"
"Ipoh","Malaysia"
"Ipswich","United Kingdom"
"Iquique","Chile"
"Iquitos","Peru"
"Irapuato","Mexico"
"Irbid","Jordan"
"Iriga","Philippines"
"Irkutsk","Russia"
"Iruma","Japan"
"Irvine","United States"
"Irving","United States"
"Ise","Japan"
"Isesaki","Japan"
"Ishinomaki","Japan"
"İskenderun","Turkey"
"Islam Shahr","Iran"
"Islamabad","Pakistan"
"Ismaïlia","Egypt"
"Isparta","Turkey"
"İstanbul","Turkey"
"Itaboraí","Brazil"
"Itabuna","Brazil"
"Itagüí","Colombia"
"Itaituba","Brazil"
"Itajaí","Brazil"
"Itami","Japan"
"Itapecerica da Serra","Brazil"
"Itapetininga","Brazil"
"Itapevi","Brazil"
"Itaquaquecetuba","Brazil"
"Itu","Brazil"
"Ivano-Frankivsk","Ukraine"
"Ivanovo","Russia"
"Iwaki, Fukushima","Japan"
"Iwakuni","Japan"
"Iwatsuki","Japan"
"Iwo","Nigeria"
"Ixtapaluca","Mexico"
"Izhevsk","Russia"
"İzmir","Turkey"
"İzmit","Turkey"
"Izumi","Japan"
"City","Country"
"Ha Long","Vietnam"
"Haarlem","Netherlands"
"Huis ter Heide","Netherlands"
"Habikino","Japan"
"Habra","India"
"Hachinohe","Japan"
"Hachiōji","Japan"
"Hadano","Japan"
"Haeju","North Korea"
"Hafizabad","Pakistan"
"Hagen","Germany"
"Haicheng","China"
"Haifa","Israel"
"Haikou","China"
"Hailun","China"
"Haining City","China"
"Haiphong","Vietnam"
"Hakodate","Japan"
"Hakone","Japan"
"Haldia","India"
"Haldwani-cum-Kathgodam","India"
"Halifax","Canada"
"Halle","Germany"
"Hama","Syria"
"Hamadan","Iran"
"Hamamatsu","Japan"
"Hamburg","Germany"
"Hamhung","North Korea"
"Hami City","China"
"Hamilton","New Zealand"
"Hamilton","Canada"
"Hamm","Germany"
"Hanam","South Korea"
"Hancheng","China"
"Handa","Japan"
"Handan","China"
"Hangzhou","China"
"Hanoi","Vietnam"
"Hanover","Germany"
"Hanzhong","China"
"Haora","India"
"Hapur","India"
"Harare","Zimbabwe"
"Harbin","China"
"Hargeisa","Somalia"
"Haridwar","India"
"Hartford","United States"
"Hassan","India"
"Hathras","India"
"Hat Yai","Thailand"
"Havana","Cuba"
"Hayward","United States"
"Hebi","China"
"Hebron","Palestine"
"Hechi","China"
"Heerlen-Kerkrade","Netherlands"
"Hefei","China"
"Hegang","China"
"Heidelberg","Germany"
"Heihe","China"
"Heilbronn","Germany"
"Helsingborg","Sweden"
"Helsinki","Finland"
"Henderson","United States"
"Hengshui","China"
"Hengyang","China"
"Heraklion","Greece"
"Herat","Afghanistan"
"Hermosillo","Mexico"
"Herne","Germany"
"Heshan","China"
"Hetian","China"
"Heyuan","China"
"Heze","China"
"Hialeah","United States"
"Higashihiroshima","Japan"
"Higashikurume","Japan"
"Higashimurayama","Japan"
"Higashiōsaka","Japan"
"Hikone","Japan"
"Hildesheim","Germany"
"Hilla","Iraq"
"Himamaylan City","Philippines"
"Himeji","Japan"
"Hindupur","India"
"Hino","Japan"
"Hirakata","Japan"
"Hiratsuka","Japan"
"Hirosaki","Japan"
"Hiroshima","Japan"
"Hisar","India"
"Hitachi","Japan"
"Hitachinaka","Japan"
"Ho Chi Minh City","Vietnam"
"Hobart","Australia"
"Hofu","Japan"
"Holguín","Cuba"
"Holon","Israel"
"Homs","Syria"
"Homyel","Belarus"
"Hong Kong","Hong Kong"
"Honghu","China"
"Honolulu","United States"
"Horlivka","Ukraine"
"Hortolândia","Brazil"
"Hoshiarpur","India"
"Hospet","India"
"Hospitalet de Llobregat","Spain"
"Houghly-Chinsura","India"
"Houma","China"
"Houston","United States"
"Hoya","Japan"
"Hrodna","Belarus"
"Hsinchu","Taiwan"
"Huadian","China"
"Huaian","China"
"Huaibei","China"
"Huaihua","China"
"Huainan","China"
"Huaiyin","China"
"Huambo","Angola"
"Huancayo","Peru"
"Huanghua","China"
"Huangshan","China"
"Huangshi","China"
"Huangyan","China"
"Huánuco","Peru"
"Huaraz","Peru"
"Huaying","China"
"Hubli-Dharwad","India"
"Hudaida","Yemen"
"Huddersfield","United Kingdom"
"Huế","Vietnam"
"Huelva","Spain"
"Huhehaote","China"
"Huixian","China"
"Huizhou","China"
"Huludao","China"
"Hulunbuir","China"
"Hunchun","China"
"Huntington Beach","United States"
"Huntsville","United States"
"Huozhou","China"
"Huzhou","China"
"Hyderabad","India"
"Hyderabad","Pakistan"
"Hyesan","North Korea"
"City","Country"
"La Ceiba","Honduras"
"Las Palmas de Gran Canaria","Spain"
"La Paz","Bolivia"
"La Paz","Mexico"
"La Plata","Argentina"
"La Rioja","Argentina"
"La Serena","Chile"
"La Victoria","Venezuela"
"Lafayette","United States"
"Lages","Brazil"
"Laghouat","Algeria"
"Lagos","Nigeria"
"Lahore","Pakistan"
"Lahti","Finland"
"Laiwu","China"
"Laiyang","China"
"Laizhou","China"
"Lakewood","United States"
"Lalitpur","India"
"Lancaster","United States"
"Langfang","China"
"Lansing","United States"
"Lanús","Argentina"
"Lanxi","China"
"Lanzhou","China"
"Laoag City","Philippines"
"Laohekou","China"
"Lapu-Lapu City","Philippines"
"Laredo","United States"
"Larissa","Greece"
"Larkana","Pakistan"
"Larnaca","Cyprus"
"Las Vegas","United States"
"Latakia","Syria"
"Latina","Italy"
"Latur","India"
"Launceston","Australia"
"Lauro de Freitas","Brazil"
"Lausanne","Switzerland"
"Laval","Canada"
"Le Havre","France"
"Le Mans","France"
"Leeds","United Kingdom"
"Leganés","Spain"
"Legazpi City","Philippines"
"Legnica","Poland"
"Leicester","United Kingdom"
"Leiden","Netherlands"
"Leipzig","Germany"
"Leiyang","China"
"Leling","China"
"Lengshuijiang","China"
"Lengshuitan","China"
"Leninsk-Kuznetsky","Russia"
"Lens","France"
"León","Mexico"
"León","Spain"
"León","Nicaragua"
"Leshan","China"
"Leskovac","Serbia"
"Leverkusen","Germany"
"Lexington","United States"
"Lhasa","China"
"Lianyuan","China"
"Lianyungang","China"
"Liaocheng","China"
"Liaoyang","China"
"Liaoyuan","China"
"Libreville","Gabon"
"Lichuan","China"
"Lida","Belarus"
"Liège","Belgium"
"Ligao City","Philippines"
"Likasi","Democratic Republic of the Congo"
"Liling","China"
"Lille","France"
"Lilongwe","Malawi"
"Lima","Peru"
"Limassol","Cyprus"
"Limeira","Brazil"
"Limerick","Ireland"
"Limoges","France"
"Lincoln","United States"
"Linfen","China"
"Linhai","China"
"Linhares","Brazil"
"Linköping","Sweden"
"Linqing","China"
"Linxia","China"
"Linyi","China"
"Linz","Austria"
"Lipa City","Philippines"
"Lipetsk","Russia"
"Lisbon","Portugal"
"Lishui","China"
"Little Rock","United States"
"Liupanshui","China"
"Liuzhou","China"
"Liverpool","United Kingdom"
"Livonia","United States"
"Livorno","Italy"
"Ljubljana","Slovenia"
"Lleida","Spain"
"Lobito","Angola"
"Logroño","Spain"
"Loja","Ecuador"
"Lomas de Zamora","Argentina"
"Lomé","Togo"
"London","United Kingdom"
"London","Canada"
"Londrina","Brazil"
"Long Beach","United States"
"Longjing","China"
"Longkou","China"
"Longueuil","Canada"
"Longxuyen","Vietnam"
"Longyan","China"
"Los Angeles","United States"
"Los Ángeles","Chile"
"Los Mochis","Mexico"
"Los Teques","Venezuela"
"Loudi","China"
"Louisville","United States"
"Lowell","United States"
"Lu'an","China"
"Luanda","Angola"
"Luanshya","Zambia"
"Lubbock","United States"
"Lübeck","Germany"
"Lublin","Poland"
"Lubumbashi","Democratic Republic of the Congo"
"Lucena City","Philippines"
"Lucerne","Switzerland"
"Lucknow","India"
"Ludhiana","India"
"Ludwigshafen am Rhein","Germany"
"Luhansk","Ukraine"
"Luján de Cuyo","Argentina"
"Luohe","China"
"Luoyang","China"
"Lusaka","Zambia"
"Luton","United Kingdom"
"Lutsk","Ukraine"
"Luxembourg","Luxembourg"
"Luxor","Egypt"
"Luzhou","China"
"Luziânia","Brazil"
"Lviv","Ukraine"
"Lyon","France"
"Lysychansk","Ukraine"
"Lyubertsy","Russia"
"City","Country"
"Da Nang","Vietnam"
"Dabgram","India"
"Dąbrowa Górnicza","Poland"
"Dadu","Pakistan"
"Daegu","South Korea"
"Daejeon","South Korea"
"Dagupan","Philippines"
"Daitō","Japan"
"Dakar","Senegal"
"Da Lat","Vietnam"
"Dali","China"
"Dalian","China"
"Dallas","United States"
"Daloa","Ivory Coast"
"Daly City","United States"
"Damanhur","Egypt"
"Damascus","Syria"
"Dammam","Saudi Arabia"
"Damoh","India"
"Danao City","Philippines"
"Dandong","China"
"Dangyang","China"
"Danjiangkou","China"
"Danyang","China"
"Daqing","China"
"Dar Es Salaam","Tanzania"
"Daraga","Philippines"
"Darbhanga","India"
"Darlington","United Kingdom"
"Darmstadt","Germany"
"Darwin","Australia"
"Daska","Pakistan"
"Dasmariñas","Philippines"
"Daşoguz","Turkmenistan"
"Datong","China"
"Daugavpils","Latvia"
"Davangere","India"
"Davao City","Philippines"
"Dayton","United States"
"Dazhou","China"
"Debrecen","Hungary"
"Dehiwala-Mount Lavinia","Sri Lanka"
"Dehradun","India"
"Deir ez Zor","Syria"
"Delhi","India"
"Delmas","Haiti"
"Dengzhou","China"
"Denizli","Turkey"
"Denpasar","Indonesia"
"Denver","United States"
"Dera Ghazi Khan","Pakistan"
"Derbent","Russia"
"Derby","United Kingdom"
"Derince","Turkey"
"Des Moines","United States"
"Dessie","Ethiopia"
"Detroit","United States"
"Dewas","India"
"Deyang","China"
"Dezful","Iran"
"Dezhou","China"
"Dhaka","Bangladesh"
"Dhanbad","India"
"Dhule","India"
"Diadema","Brazil"
"Diaobingshan","China"
"Dibrugarh","India"
"Digos City","Philippines"
"Dijon","France"
"Dili","Timor-Leste"
"Dimitrovgrad","Russia"
"Dinajpur","Bangladesh"
"Dindigul","India"
"Dingzhou","China"
"Dipolog City","Philippines"
"Dire Dawa","Ethiopia"
"Divinópolis","Brazil"
"Diwaniyah","Iraq"
"Diyarbakır","Turkey"
"Djelfa","Algeria"
"Djibouti","Djibouti"
"Dniprodzerzhinsk","Ukraine"
"Dnipropetrovsk","Ukraine"
"Doboj","Bosnia and Herzegovina"
"Dobrich","Bulgaria"
"Dodoma","Tanzania"
"Doha","Qatar"
"Donetsk","Ukraine"
"Dongchuan","China"
"Dongguan","China"
"Dongtai","China"
"Dongyang","China"
"Dongying","China"
"Dordrecht","Netherlands"
"Dortmund","Germany"
"Dos Quebradas","Colombia"
"Douala","Cameroon"
"Dourados","Brazil"
"Downey","United States"
"Dresden","Germany"
"Drobeta-Turnu Severin","Romania"
"Dubai","United Arab Emirates"
"Dublin","Ireland"
"Dudley","United Kingdom"
"Duisburg","Germany"
"Duitama","Colombia"
"Dujiangyan","China"
"Dumaguete City","Philippines"
"Dundee","United Kingdom"
"Dunedin","New Zealand"
"Dunhua","China"
"Dunhuang","China"
"Dunkerque","France"
"Duque de Caxias","Brazil"
"Durango","Mexico"
"Durban","South Africa"
"Durg","India"
"Durgapur","India"
"Durham","United States"
"Durrës","Albania"
"Dushanbe","Tajikistan"
"Duyun","China"
"Düsseldorf","Germany"
"Dzerzhinsk","Russia"
"Davenport","United States"
"City","Country"
"A Coruña","Spain"
"Aachen","Germany"
"Aalborg","Denmark"
"Aarhus","Denmark"
"Aba","Nigeria"
"Abadan","Iran"
"Abaetetuba","Brazil"
"Abakan","Russia"
"Abbotabad","Pakistan"
"Abbotsford","Canada"
"Abeokuta","Nigeria"
"Aberdeen","United Kingdom"
"Abha","Saudi Arabia"
"Abidjan","Ivory Coast"
"Abiko","Japan"
"Abilene","United States"
"Abohar","India"
"Abu Dhabi","United Arab Emirates"
"Abuja","Nigeria"
"Acapulco","Mexico"
"Acarigua","Venezuela"
"Accra","Ghana"
"Acheng","China"
"Achinsk","Russia"
"Adana","Turkey"
"Adapazarı","Turkey"
"Addis Ababa","Ethiopia"
"Adelaide","Australia"
"Aden","Yemen"
"Adhamiyah","Iraq"
"Adıyaman","Turkey"
"Ado-Ekiti","Nigeria"
"Adoni","India"
"Afyon","Turkey"
"Agadir","Morocco"
"Agartala","India"
"Ageo","Japan"
"Agra","India"
"Aguascalientes","Mexico"
"Ahmedabad","India"
"Ahmednagar","India"
"Ahome","Mexico"
"Ahuachapán","El Salvador"
"Ahvaz","Iran"
"Ain Beida","Algeria"
"Aix-en-Provence","France"
"Aizawl","India"
"Aizuwakamatsu","Japan"
"Ajax","Canada"
"Ajmer","India"
"Akashi","Japan"
"Akesu","China"
"Akishima","Japan"
"Akita","Japan"
"Akola","India"
"Akron","United States"
"Aksaray","Turkey"
"Aktau","Kazakhstan"
"Aktobe","Kazakhstan"
"Al 'Arish","Egypt"
"Al-Hasakah","Syria"
"Al Minya","Egypt"
"Alagoinhas","Brazil"
"Al Ain","United Arab Emirates"
"Alajuela","Costa Rica"
"Alanya","Turkey"
"Albacete","Spain"
"Albuquerque","United States"
"Albury-Wodonga","Australia"
"Alcalá de Henares","Spain"
"Alchevsk","Ukraine"
"Alcorcón","Spain"
"Aleppo","Syria"
"Alexandra","South Africa"
"Alexandria","United States"
"Alexandria","Egypt"
"Al-Fashir","Sudan"
"Algeciras","Spain"
"Algiers","Algeria"
"Alicante","Spain"
"Aligarh","India"
"Alipurduar","India"
"Allahabad","India"
"Allappuzha","India"
"Allentown","United States"
"Almada","Portugal"
"Almaty","Kazakhstan"
"Almere","Netherlands"
"Almería","Spain"
"Almetyevsk","Russia"
"Alor Setar","Malaysia"
"Al Qadarif","Sudan"
"Altay City","China"
"Al-Ubayyid","Sudan"
"Alvorada","Brazil"
"Alwar","India"
"Amadora","Portugal"
"Amagasaki","Japan"
"Amarah","Iraq"
"Amaravathi","India"
"Amarillo","United States"
"Ambala","India"
"Ambato","Ecuador"
"Ambon","Indonesia"
"Americana","Brazil"
"Amersfoort","Netherlands"
"Amiens","France"
"Amman","Jordan"
"Amol","Iran"
"Amravati","India"
"Amritsar","India"
"Amroha","India"
"Amsterdam","Netherlands"
"Anaheim","United States"
"Anand","India"
"Ananindeua","Brazil"
"Anápolis","Brazil"
"Anchorage","United States"
"Anda","China"
"Andijan","Uzbekistan"
"Andimeshk","Iran"
"Andong","South Korea"
"Angarsk","Russia"
"Angeles City","Philippines"
"Angers","France"
"Angren","Uzbekistan"
"Anjō","Japan"
"Ankang","China"
"Ankara","Turkey"
"Anlu","China"
"Ann Arbor","United States"
"Annaba","Algeria"
"Anqing","China"
"Ansan","South Korea"
"Anshan","China"
"Anshun","China"
"Antakya","Turkey"
"Antalya","Turkey"
"Antananarivo","Madagascar"
"Antipolo City","Philippines"
"Antofagasta","Chile"
"Antwerp","Belgium"
"Anyang","China"
"Anyang","South Korea"
"Aomori","Japan"
"Aparecida de Goiânia","Brazil"
"Apeldoorn","Netherlands"
"Apopa","El Salvador"
"Apucarana","Brazil"
"Raqqa","Syria"
"Aracaju","Brazil"
"Araçatuba","Brazil"
"Arad","Romania"
"Araguaína","Brazil"
"Arak","Iran"
"Arapiraca","Brazil"
"Araraquara","Brazil"
"Araras","Brazil"
"Araure","Venezuela"
"Arayat","Philippines"
"Arcot","India"
"Ardabil","Iran"
"Arecibo","Puerto Rico"
"Arequipa","Peru"
"Argenteuil","France"
"Arica","Chile"
"Arkhangelsk","Russia"
"Arlington, Texas","United States"
"Arlington, Virginia","United States"
"Armavir","Russia"
"Armenia","Colombia"
"Arnhem","Netherlands"
"Arrah","India"
"Arusha","Tanzania"
"Arvada","United States"
"Arzamas","Russia"
"Asahikawa","Japan"
"Asaka","Japan"
"Asansol","India"
"Ashdod","Israel"
"Ashikaga","Japan"
"Asmara","Eritrea"
"Astana","Kazakhstan"
"Astrakhan","Russia"
"Asunción","Paraguay"
"Aswan","Egypt"
"Asyut","Egypt"
"Aşgabat","Turkmenistan"
"Athens","Greece"
"Athens","United States"
"Atibaia","Brazil"
"Atlanta","United States"
"Atsugi","Japan"
"Atushi","China"
"Atyrau","Kazakhstan"
"Auckland","New Zealand"
"Augsburg","Germany"
"Augusta","United States"
"Aurangabad","India"
"Aurora, Colorado","United States"
"Aurora, Illinois","United States"
"Austin","United States"
"Avellaneda","Argentina"
"Avignon","France"
"Ayacucho","Peru"
"Aydın","Turkey"
